,Proximates Water g,Proximates Energy kcal,Proximates Energy kJ,Proximates Protein g,Proximates Total lipid (fat) g,Proximates Ash g,"Proximates Carbohydrate, by difference g","Proximates Fiber, total dietary g","Minerals Calcium, Ca mg","Minerals Iron, Fe mg","Minerals Sodium, Na mg","Vitamins Vitamin C, total ascorbic acid mg","Lipids Fatty acids, total saturated g",Lipids 12:0 g,Lipids 14:0 g,Lipids 16:0 g,Lipids 18:0 g,"Lipids Fatty acids, total monounsaturated g",Lipids 16:1 undifferentiated g,Lipids 18:1 undifferentiated g,"Lipids Fatty acids, total polyunsaturated g",Lipids 18:2 undifferentiated g,Lipids 18:3 undifferentiated g,Lipids 20:4 undifferentiated g,Lipids Cholesterol mg
"Beef_ribeye_cap_steak_boneless_separable_lean_only_trimmed_to_0""_fat_choice_raw",66.5,187.0,784.0,19.46,11.4,0.89,1.75,0.0,6.0,2.64,88.0,0.0,4.359,0.006,0.275,2.457,1.49,5.171,0.347,4.672,0.453,0.357,0.017,0.077,64.0
"Beef_loin_tenderloin_steak_boneless_separable_lean_only_trimmed_to_0""_fat_choice_raw",72.04,143.0,597.0,21.78,6.16,1.11,0.0,0.0,13.0,2.55,45.0,0.0,2.123,0.004,0.136,1.183,0.698,2.338,0.163,2.089,0.45,0.346,0.012,0.06,60.0
"Beef_rib_eye_steakslashroast_boneless_lip-on_separable_lean_only_trimmed_to_1slash8""_fat_select_raw",70.89,148.0,619.0,22.55,6.41,1.03,0.0,0.0,5.0,1.8,55.0,0.0,2.313,0.002,0.141,1.302,0.759,2.83,0.178,2.528,0.396,0.314,0.003,0.056,70.0
"Beef_flank_steak_separable_lean_and_fat_trimmed_to_0""_fat_choice_raw",69.46,165.0,692.0,21.22,8.29,1.02,0.0,0.0,27.0,1.55,54.0,0.0,3.443,0.016,0.25,2.17,0.991,3.38,0.343,3.029,0.335,0.195,0.094,0.031,68.0
"Beef_loin_top_sirloin_cap_steak_boneless_separable_lean_only_trimmed_to_1slash8""_fat_select_raw",73.56,128.0,535.0,21.44,4.68,0.98,0.0,0.0,5.0,1.98,52.0,0.0,1.568,0.002,0.113,0.946,0.444,2.083,0.123,1.907,0.18,0.152,0.005,0.023,67.0
Beef_Australian_imported_Wagyu_loin_tenderloin_steakslashroast_boneless_separable_lean_and_fat_Aust._marble_score_4slash5_raw,65.2,206.0,860.0,19.71,14.09,1.02,0.0,0.0,4.0,2.2,63.0,0.0,6.105,0.01,0.402,3.455,1.95,6.167,0.368,5.692,0.531,0.409,0.034,0.064,60.0
"Beef_round_knuckle_tip_side_steak_separable_lean_and_fat_trimmed_to_0""_fat_all_grades_raw",73.25,129.0,539.0,21.69,4.0,1.09,0.0,0.0,5.0,2.22,61.0,0.0,1.578,0.0,0.11,0.958,0.44,1.881,0.149,1.694,0.275,0.215,0.009,0.051,61.0
"Beef_shoulder_top_blade_steak_boneless_separable_lean_only_trimmed_to_0""_fat_all_grades_raw",72.42,139.0,583.0,20.36,6.42,1.1,0.0,0.0,12.0,2.51,83.0,0.0,2.73,0.0,0.168,1.533,0.937,3.29,0.215,2.975,0.36,0.3,0.008,0.051,69.0
"Beef_chuck_mock_tender_steak_boneless_separable_lean_only_trimmed_to_0""_fat_select_raw",74.46,117.0,488.0,21.22,3.53,1.12,0.0,0.0,11.0,2.26,76.0,0.0,1.47,0.0,0.082,0.834,0.5,1.7,0.107,1.544,0.32,0.27,0.0,0.05,68.0
"Beef_chuck_under_blade_center_steak_boneless_Denver_Cut_separable_lean_only_trimmed_to_0""_fat_choice_raw",68.24,178.0,746.0,19.23,10.96,0.91,0.67,0.0,12.0,2.4,76.0,0.0,4.588,0.0,0.294,2.472,1.663,5.45,0.349,4.915,0.576,0.498,0.021,0.056,70.0
"Beef_shoulder_pot_roast_or_steak_boneless_separable_lean_and_fat_trimmed_to_0""_fat_choice_raw",72.3,133.0,556.0,21.17,5.33,1.13,0.07,0.0,12.0,2.66,74.0,0.0,2.124,0.0,0.136,1.178,0.742,2.648,0.182,2.381,0.329,0.27,0.003,0.053,64.0
"Beef_chuck_eye_steak_boneless_separable_lean_only_trimmed_to_0""_fat_select_raw",71.41,143.0,600.0,21.28,6.47,0.98,0.0,0.0,15.0,2.33,73.0,0.0,2.759,0.0,0.171,1.491,1.004,3.143,0.193,2.858,0.392,0.336,0.013,0.042,69.0
"Beef_loin_top_loin_steak_boneless_lip-on_separable_lean_only_trimmed_to_1slash8""_fat_all_grades_raw",70.63,143.0,600.0,23.07,5.67,1.02,0.0,0.0,15.0,1.84,46.0,0.0,2.345,0.005,0.152,1.36,0.723,2.711,0.2,2.42,0.381,0.3,0.009,0.046,60.0
"Beef_short_loin_t-bone_steak_bone-in_separable_lean_only_trimmed_to_1slash8""_fat_choice_raw",69.97,160.0,669.0,22.1,7.27,1.0,0.0,0.0,21.0,1.65,35.0,0.0,2.782,0.005,0.174,1.577,0.911,3.091,0.216,2.775,0.374,0.292,0.012,0.041,59.0
"Beef_rib_eye_steak_boneless_lip_off_separable_lean_only_trimmed_to_0""_fat_choice_raw",69.22,162.0,679.0,21.44,8.5,0.97,0.0,0.0,7.0,2.04,56.0,0.0,3.057,0.005,0.184,1.699,1.018,3.576,0.215,3.204,0.467,0.372,0.007,0.064,63.0
"Beef_rib_eye_steak_boneless_lip_off_separable_lean_and_fat_trimmed_to_0""_fat_choice_raw",61.82,241.0,1010.0,18.69,18.43,0.87,0.2,0.0,8.0,1.86,51.0,0.0,8.074,0.014,0.537,4.285,2.842,8.611,0.563,7.733,0.861,0.747,0.025,0.053,66.0
Beef_Australian_imported_grass-fed_round_bottom_round_steakslashroast_boneless_separable_lean_only_raw,73.31,130.0,544.0,21.4,4.93,1.06,0.0,0.0,4.0,2.11,71.0,0.0,1.959,0.005,0.125,1.113,0.627,2.129,0.186,1.901,0.349,0.178,0.058,0.05,54.0
"Beef_chuck_short_ribs_boneless_separable_lean_and_fat_trimmed_to_0""_fat_choice_raw",63.23,240.0,1005.0,17.22,19.03,0.83,0.0,0.0,11.0,2.3,75.0,0.0,8.141,0.0,0.564,4.388,2.924,9.532,0.588,8.615,0.723,0.635,0.037,0.043,73.0
"Beef_plate_steak_boneless_outside_skirt_separable_lean_and_fat_trimmed_to_0""_fat_select_raw",63.96,222.0,929.0,18.43,16.31,0.94,0.36,0.0,6.0,3.63,63.0,0.0,6.705,0.009,0.416,3.43,2.557,7.137,0.419,6.422,0.813,0.67,0.026,0.073,70.0
Beef_New_Zealand_imported_brisket_navel_end_separable_lean_only_raw,67.95,194.0,810.0,19.74,12.75,0.84,0.0,0.0,5.0,1.4,66.0,0.0,4.351,0.007,0.312,2.659,1.216,5.484,0.615,4.705,0.385,0.249,0.076,0.015,53.0
Beef_New_Zealand_imported_rump_centre_separable_lean_and_fat_raw,71.87,145.0,607.0,21.65,6.5,0.97,0.0,0.0,4.0,2.29,49.0,0.0,2.2,0.003,0.098,1.173,0.824,2.199,0.152,2.015,0.304,0.147,0.07,0.025,55.0
"Beef_rib_eye_steakslashroast_bone-in_lip-on_separable_lean_and_fat_trimmed_to_1slash8""_fat_all_grades_raw",60.8,255.0,1068.0,18.13,20.31,0.85,0.0,0.0,10.0,1.74,56.0,0.0,9.097,0.016,0.62,4.849,3.174,9.717,0.667,8.691,0.907,0.798,0.029,0.044,69.0
"Beef_loin_top_sirloin_cap_steak_boneless_separable_lean_and_fat_trimmed_to_1slash8""_fat_select_raw",68.6,179.0,747.0,20.1,10.9,0.9,0.0,0.0,7.0,2.74,78.0,0.0,3.93,0.008,0.27,2.309,1.209,5.626,0.373,5.053,0.366,0.319,0.016,0.03,68.0
"Beef_chuck_under_blade_center_steak_boneless_Denver_Cut_separable_lean_and_fat_trimmed_to_0""_fat_all_grades_raw",68.11,182.0,762.0,18.99,11.64,0.9,0.36,0.0,11.0,2.38,76.0,0.0,4.831,0.0,0.319,2.602,1.747,5.643,0.359,5.093,0.579,0.504,0.022,0.052,69.0
"Beef_plate_steak_boneless_inside_skirt_separable_lean_only_trimmed_to_0""_fat_select_raw",70.4,153.0,641.0,21.61,7.41,0.97,0.0,0.0,6.0,1.76,66.0,0.0,2.765,0.005,0.188,1.568,0.887,3.212,0.241,2.824,0.38,0.298,0.009,0.045,63.0
Beef_variety_meats_and_by-products_liver_raw,70.81,135.0,564.0,20.36,3.63,1.31,3.89,0.0,5.0,4.9,69.0,1.3,1.233,0.0,0.015,0.312,0.862,0.479,0.036,0.423,0.465,0.299,0.016,0.141,275.0
"Beef_round_top_round_separable_lean_and_fat_trimmed_to_1slash8""_fat_prime_raw",68.73,173.0,724.0,22.24,8.67,1.07,0.0,0.0,3.0,2.04,51.0,0.0,3.3,0.01,0.23,1.95,0.99,3.59,0.34,3.16,0.38,0.27,0.05,0.05,59.0
"Beef_round_eye_of_round_roast_boneless_separable_lean_and_fat_trimmed_to_0""_fat_all_grades_raw",73.09,124.0,519.0,23.27,3.44,1.09,0.0,0.0,13.0,1.45,53.0,0.0,1.276,0.002,0.084,0.734,0.398,1.482,0.116,1.305,0.25,0.178,0.007,0.036,60.0
"Beef_composite_of_trimmed_retail_cuts_separable_lean_and_fat_trimmed_to_0""_fat_choice_raw",68.0,176.0,738.0,21.34,10.08,1.01,0.06,0.0,13.0,2.07,61.0,0.0,4.122,0.006,0.284,2.302,1.383,4.683,0.336,4.205,0.563,0.479,0.024,0.044,66.0
Beef_Australian_imported_grass-fed_loin_top_sirloin_cap-off_steakslashroast_boneless_separable_lean_only_raw,74.1,122.0,512.0,21.9,3.87,1.11,0.0,0.0,5.0,2.53,60.0,0.0,1.601,0.005,0.079,0.843,0.597,1.495,0.093,1.385,0.338,0.166,0.045,0.062,54.0
"Beef_short_loin_porterhouse_steak_separable_lean_and_fat_trimmed_to_1slash8""_fat_all_grades_raw",64.67,214.0,897.0,20.49,14.06,0.94,0.0,0.0,19.0,1.98,48.0,0.0,5.981,0.011,0.416,3.31,1.983,6.549,0.491,5.803,0.659,0.56,0.026,0.038,61.0
"Beef_chuck_eye_Country-Style_ribs_boneless_separable_lean_only_trimmed_to_0""_fat_choice_raw",70.58,152.0,638.0,20.87,7.67,0.94,0.0,0.0,15.0,2.31,81.0,0.0,3.419,0.0,0.202,1.86,1.245,4.071,0.254,3.692,0.378,0.322,0.016,0.04,70.0
"Beef_loin_top_sirloin_petite_roastslashfilet_boneless_separable_lean_only_trimmed_to_0""_fat_all_grades_raw",72.67,128.0,535.0,23.04,3.98,1.06,0.0,0.0,5.0,2.24,65.0,0.0,1.285,0.002,0.081,0.747,0.412,1.704,0.106,1.554,0.125,0.098,0.005,0.019,69.0
"Beef_chuck_mock_tender_steak_boneless_separable_lean_and_fat_trimmed_to_0""_fat_all_grades_raw",73.3,128.0,534.0,21.13,4.79,1.19,0.0,0.0,11.0,2.43,80.0,0.0,2.059,0.0,0.118,1.143,0.726,2.457,0.155,2.229,0.377,0.315,0.002,0.06,67.0
Beef_New_Zealand_imported_brisket_navel_end_separable_lean_and_fat_raw,53.33,345.0,1442.0,15.81,31.27,0.61,0.0,0.0,9.0,1.11,54.0,0.0,12.915,0.021,0.777,6.229,5.369,10.892,0.91,9.76,0.766,0.499,0.211,0.01,62.0
"Beef_shoulder_top_blade_steak_boneless_separable_lean_and_fat_trimmed_to_0""_fat_choice_raw",71.12,152.0,635.0,20.07,7.94,0.99,0.0,0.0,12.0,2.5,81.0,0.0,3.462,0.0,0.219,1.929,1.199,4.207,0.272,3.803,0.43,0.358,0.011,0.058,68.0
"Beef_loin_tenderloin_roast_boneless_separable_lean_only_trimmed_to_0""_fat_choice_raw",72.04,143.0,597.0,21.78,6.16,1.11,0.0,0.0,13.0,2.55,45.0,0.0,2.123,0.004,0.136,1.183,0.698,2.338,0.163,2.089,0.45,0.346,0.012,0.06,60.0
"Beef_short_loin_top_loin_steak_separable_lean_only_trimmed_to_1slash8""_fat_select_raw",72.68,133.0,558.0,23.07,3.88,0.99,0.0,0.0,23.0,1.63,57.0,0.0,1.432,0.0,0.098,0.86,0.475,1.559,0.12,1.437,0.168,0.135,0.009,0.024,40.0
"Beef_short_loin_porterhouse_steak_separable_lean_only_trimmed_to_1slash8""_fat_all_grades_raw",70.32,155.0,648.0,22.32,6.6,1.02,0.0,0.0,18.0,2.07,51.0,0.0,2.557,0.005,0.167,1.459,0.814,2.84,0.201,2.535,0.353,0.277,0.011,0.038,58.0
Beef_Australian_imported_grass-fed_rib_ribeye_steakslashroast_lip-on_boneless_separable_lean_only_raw,70.09,160.0,668.0,21.47,8.2,0.96,0.0,0.0,5.0,1.88,65.0,0.0,3.596,0.005,0.22,2.049,1.176,3.522,0.232,3.235,0.285,0.18,0.049,0.024,50.0
Beef_New_Zealand_imported_flank_separable_lean_and_fat_raw,71.79,161.0,672.0,20.12,8.9,0.93,0.0,0.0,4.0,1.53,46.0,0.0,3.292,0.005,0.199,1.772,1.189,2.888,0.24,2.59,0.23,0.116,0.055,0.017,49.0
"Beef_round_top_round_steak_separable_lean_only_trimmed_to_1slash8""_fat_all_grades_raw",75.02,135.0,563.0,22.91,4.09,1.13,0.0,0.0,20.0,1.99,61.0,0.0,1.399,0.0,0.096,0.887,0.416,1.721,0.168,1.55,0.175,0.137,0.01,0.029,55.0
"Beef_round_eye_of_round_roast_separable_lean_only_trimmed_to_1slash8""_fat_select_raw",73.97,119.0,498.0,22.31,2.62,1.05,0.0,0.0,22.0,1.92,62.0,0.0,0.898,0.0,0.062,0.57,0.267,1.105,0.108,0.996,0.113,0.088,0.006,0.019,58.0
"Beef_chuck_eye_roast_boneless_America's_Beef_Roast_separable_lean_only_trimmed_to_0""_fat_choice_raw",72.16,139.0,580.0,20.67,6.21,1.05,0.0,0.0,17.0,2.18,85.0,0.0,2.354,0.0,0.134,1.285,0.857,2.938,0.172,2.679,0.299,0.253,0.01,0.035,67.0
Beef_New_Zealand_imported_eye_round_separable_lean_only_raw,74.14,116.0,486.0,20.15,3.35,1.02,1.35,0.0,3.0,1.39,40.0,0.0,0.875,0.001,0.044,0.535,0.26,1.009,0.097,0.887,0.198,0.081,0.036,0.026,47.0
"Beef_rib_eye_steakslashroast_boneless_lip-on_separable_lean_only_trimmed_to_1slash8""_fat_all_grades_raw",70.14,156.0,652.0,21.99,7.54,1.01,0.0,0.0,6.0,1.94,56.0,0.0,2.759,0.004,0.167,1.54,0.914,3.277,0.201,2.934,0.439,0.349,0.006,0.061,66.0
"Beef_brisket_flat_half_separable_lean_and_fat_trimmed_to_1slash8""_fat_select_raw",59.34,276.0,1156.0,17.77,22.21,0.8,0.0,0.0,17.0,1.5,58.0,0.0,8.963,0.048,0.702,5.396,2.746,9.511,1.083,8.396,0.845,0.544,0.266,0.036,94.0
Beef_New_Zealand_imported_inside_raw,72.35,128.0,537.0,22.16,4.36,1.03,0.1,0.0,4.0,2.27,40.0,0.0,1.528,0.002,0.075,0.873,0.511,1.541,0.123,1.391,0.228,0.101,0.05,0.024,55.0
Beef_variety_meats_and_by-products_brain_raw,76.29,143.0,600.0,10.86,10.3,1.51,1.05,0.0,43.0,2.55,126.0,10.7,2.3,0.0,0.026,0.919,1.273,1.89,0.021,1.646,1.586,0.041,0.0,0.319,3010.0
Beef_variety_meats_and_by-products_suet_raw,4.0,854.0,3573.0,1.5,94.0,0.1,0.0,0.0,2.0,0.17,7.0,0.0,52.3,0.07,2.8,22.57,24.68,31.52,2.18,28.86,3.17,2.15,0.86,0.0,68.0
"Beef_composite_of_trimmed_retail_cuts_separable_lean_only_trimmed_to_0""_fat_all_grades_raw",71.58,139.0,584.0,22.15,5.54,1.05,0.08,0.0,13.0,2.08,60.0,0.0,2.151,0.002,0.137,1.228,0.707,2.563,0.18,2.304,0.307,0.244,0.009,0.041,63.0
Beef_New_Zealand_imported_flat_separable_lean_only_raw,70.81,154.0,646.0,21.3,7.69,0.92,0.0,0.0,5.0,1.9,50.0,0.0,2.525,0.004,0.149,1.48,0.784,3.144,0.313,2.756,0.328,0.157,0.073,0.029,55.0
"Beef_chuck_blade_roast_separable_lean_and_fat_trimmed_to_1slash8""_fat_choice_raw",59.93,265.0,1109.0,16.98,21.31,0.81,0.0,0.0,10.0,2.01,67.0,0.0,8.59,0.05,0.68,5.15,2.65,9.36,1.04,8.28,0.78,0.52,0.23,0.03,72.0
Beef_brisket_whole_separable_lean_only_all_grades_raw,70.29,155.0,649.0,20.72,7.37,1.02,0.0,0.0,5.0,1.92,79.0,0.0,2.59,0.0,0.22,1.63,0.73,3.46,0.35,3.1,0.23,0.18,0.02,0.03,62.0
"Beef_shoulder_top_blade_steak_boneless_separable_lean_only_trimmed_to_0""_fat_select_raw",73.35,133.0,557.0,20.39,5.73,1.25,0.0,0.0,12.0,2.51,87.0,0.0,2.472,0.0,0.152,1.385,0.85,2.88,0.189,2.608,0.375,0.316,0.009,0.049,71.0
"Beef_rib_eye_steak_boneless_lip_off_separable_lean_only_trimmed_to_0""_fat_all_grades_raw",69.93,154.0,645.0,21.85,7.41,0.98,0.0,0.0,6.0,1.94,56.0,0.0,2.759,0.004,0.167,1.54,0.914,3.277,0.201,2.934,0.439,0.349,0.006,0.061,66.0
Beef_variety_meats_and_by-products_mechanically_separated_beef_raw,59.39,276.0,1155.0,14.97,23.52,2.14,0.0,0.0,485.0,5.67,57.0,0.0,11.78,0.04,0.64,5.66,4.87,8.44,0.56,7.59,0.76,0.59,0.17,0.0,209.0
"Beef_round_top_round_roast_boneless_separable_lean_only_trimmed_to_0""_fat_select_raw",73.4,116.0,487.0,23.59,2.45,1.12,0.0,0.0,13.0,2.34,55.0,0.0,0.92,0.002,0.05,0.519,0.308,1.003,0.064,0.908,0.21,0.145,0.003,0.036,63.0
"Beef_chuck_under_blade_pot_roast_or_steak_boneless_separable_lean_only_trimmed_to_0""_fat_all_grades_raw",71.41,140.0,587.0,21.13,6.07,1.08,0.31,0.0,12.0,2.34,81.0,0.0,2.58,0.0,0.17,1.473,0.852,3.16,0.23,2.824,0.31,0.265,0.002,0.042,66.0
"Beef_chuck_short_ribs_boneless_separable_lean_and_fat_trimmed_to_0""_fat_select_raw",64.76,227.0,950.0,17.87,17.28,0.86,0.0,0.0,12.0,2.15,85.0,0.0,7.738,0.0,0.543,4.083,2.846,8.716,0.521,7.904,0.729,0.65,0.033,0.038,78.0
"Beef_flank_steak_separable_lean_and_fat_trimmed_to_0""_fat_all_grades_raw",70.73,155.0,650.0,21.22,7.17,1.0,0.0,0.0,25.0,1.55,54.0,0.0,2.978,0.014,0.216,1.878,0.858,2.924,0.297,2.621,0.277,0.169,0.081,0.027,65.0
"Beef_loin_tenderloin_steak_boneless_separable_lean_only_trimmed_to_0""_fat_select_raw",73.04,135.0,563.0,22.16,5.1,1.1,0.0,0.0,14.0,2.48,42.0,0.0,1.706,0.004,0.108,0.919,0.591,1.799,0.118,1.615,0.375,0.283,0.011,0.051,62.0
Beef_sandwich_steaks_flaked_chopped_formed_and_thinly_sliced_raw,56.0,309.0,1293.0,16.5,27.0,0.8,0.0,0.0,12.0,1.86,68.0,0.0,11.538,0.0,0.82,6.342,3.906,11.038,0.981,9.714,0.488,0.368,0.12,0.0,71.0
"Beef_round_tip_round_roast_separable_lean_only_trimmed_to_0""_fat_all_grades_raw",74.48,126.0,526.0,21.07,3.95,1.03,0.0,0.0,18.0,1.77,54.0,0.0,1.376,0.0,0.095,0.836,0.445,1.641,0.138,1.503,0.201,0.159,0.011,0.032,57.0
Beef_New_Zealand_imported_variety_meats_and_by-products_kidney_raw,80.52,87.0,362.0,15.68,2.64,1.15,0.0,0.0,9.0,3.83,175.0,0.0,0.616,0.0,0.007,0.288,0.258,0.345,0.028,0.299,0.606,0.197,0.043,0.171,404.0
"Beef_chuck_arm_pot_roast_separable_lean_only_trimmed_to_1slash8""_fat_select_raw",74.12,125.0,523.0,22.26,3.32,1.0,0.0,0.0,18.0,1.86,77.0,0.0,1.232,0.003,0.087,0.737,0.405,1.392,0.121,1.269,0.157,0.115,0.011,0.017,66.0
"Beef_round_top_round_steak_separable_lean_only_trimmed_to_1slash8""_fat_choice_raw",71.44,140.0,586.0,22.69,4.78,1.16,0.0,0.0,20.0,2.12,57.0,0.0,1.637,0.0,0.112,1.038,0.487,2.014,0.197,1.814,0.219,0.16,0.011,0.034,63.0
Beef_rib_shortribs_separable_lean_only_choice_raw,69.38,173.0,724.0,19.05,10.19,0.98,0.0,0.0,8.0,2.16,65.0,0.0,4.33,0.01,0.31,2.45,1.34,4.38,0.38,3.79,0.38,0.3,0.03,0.04,59.0
"Beef_bottom_sirloin_tri-tip_roast_separable_lean_and_fat_trimmed_to_0""_fat_select_raw",70.73,157.0,659.0,20.64,7.68,1.06,0.0,0.0,24.0,1.51,53.0,0.0,2.822,0.004,0.185,1.769,0.857,3.816,0.293,3.521,0.354,0.272,0.047,0.035,65.0
"Beef_round_top_round_steak_boneless_separable_lean_only_trimmed_to_0""_fat_choice_raw",72.66,124.0,518.0,23.59,3.26,1.12,0.0,0.0,13.0,2.35,56.0,0.0,1.253,0.003,0.075,0.726,0.396,1.484,0.106,1.324,0.232,0.165,0.005,0.035,61.0
"Beef_loin_top_loin_steak_boneless_lip_off_separable_lean_and_fat_trimmed_to_0""_fat_select_raw",70.15,151.0,633.0,22.79,6.67,1.02,0.0,0.0,14.0,1.73,46.0,0.0,2.91,0.006,0.192,1.641,0.939,3.25,0.241,2.898,0.42,0.345,0.012,0.038,63.0
Beef_New_Zealand_imported_cube_roll_separable_lean_and_fat_raw,63.38,225.0,941.0,18.22,16.31,0.83,1.31,0.0,5.0,1.91,43.0,0.0,6.734,0.011,0.394,3.321,2.751,5.524,0.425,4.999,0.422,0.224,0.119,0.017,60.0
"Beef_loin_top_loin_separable_lean_and_fat_trimmed_to_1slash8""_fat_choice_raw",61.49,237.0,992.0,19.32,17.1,0.79,0.0,0.0,6.0,1.61,54.0,0.0,6.91,0.03,0.55,4.2,2.07,7.41,0.83,6.55,0.61,0.4,0.19,0.02,82.0
Beef_Australian_imported_grass-fed_loin_top_sirloin_cap-off_steakslashroast_boneless_separable_lean_and_fat_raw,73.65,127.0,532.0,21.77,4.45,1.1,0.01,0.0,5.0,2.51,59.0,0.0,1.859,0.006,0.098,0.981,0.684,1.73,0.111,1.596,0.351,0.176,0.048,0.061,55.0
"Beef_rib_eye_steakslashroast_bone-in_lip-on_separable_lean_only_trimmed_to_1slash8""_fat_all_grades_raw",69.24,166.0,696.0,21.22,9.04,0.97,0.0,0.0,9.0,1.96,64.0,0.0,3.544,0.006,0.235,1.984,1.159,4.13,0.292,3.656,0.436,0.358,0.009,0.046,64.0
Beef_Australian_imported_Wagyu_loin_tenderloin_steakslashroast_boneless_separable_lean_only_Aust._marble_score_9_raw,61.91,237.0,993.0,18.87,17.73,0.93,0.57,0.0,4.0,2.41,62.0,0.0,7.377,0.011,0.469,4.406,2.178,8.17,0.539,7.513,0.698,0.575,0.038,0.066,74.0
"Beef_rib_eye_small_end_(ribs_10-12)_separable_lean_and_fat_trimmed_to_0""_fat_choice_raw",58.03,274.0,1146.0,17.51,22.07,0.85,0.0,0.0,10.0,1.87,56.0,0.0,9.0,0.05,0.71,5.41,2.76,9.58,1.08,8.47,0.77,0.51,0.24,0.02,68.0
"Beef_short_loin_porterhouse_steak_separable_lean_only_trimmed_to_1slash8""_fat_choice_raw",69.56,161.0,674.0,22.13,7.39,1.01,0.0,0.0,18.0,1.98,56.0,0.0,2.894,0.006,0.182,1.652,0.933,3.3,0.23,2.952,0.399,0.317,0.014,0.042,59.0
"Beef_brisket_flat_half_separable_lean_only_trimmed_to_1slash8""_fat_select_raw",74.26,124.0,519.0,21.45,3.61,1.0,0.0,0.0,18.0,1.83,76.0,0.0,1.34,0.003,0.095,0.802,0.441,1.514,0.132,1.38,0.156,0.125,0.012,0.018,66.0
"Beef_plate_steak_boneless_outside_skirt_separable_lean_and_fat_trimmed_to_0""_fat_all_grades_raw",63.17,232.0,969.0,17.98,17.59,0.91,0.35,0.0,6.0,3.42,65.0,0.0,7.138,0.009,0.439,3.661,2.706,7.73,0.451,6.959,0.869,0.718,0.028,0.076,71.0
"Beef_loin_top_sirloin_cap_steak_boneless_separable_lean_and_fat_trimmed_to_1slash8""_fat_all_grades_raw",67.4,191.0,800.0,19.9,12.4,0.9,0.0,0.0,6.0,2.41,80.0,0.0,4.619,0.009,0.3,2.679,1.486,6.5,0.435,5.832,0.406,0.352,0.019,0.034,68.0
Beef_New_Zealand_imported_chuck_eye_roll_separable_lean_only_raw,73.5,131.0,546.0,20.46,5.41,0.95,0.0,0.0,4.0,2.04,56.0,0.0,1.756,0.002,0.084,0.949,0.652,1.996,0.152,1.811,0.248,0.106,0.051,0.027,61.0
"Beef_brisket_flat_half_boneless_separable_lean_and_fat_trimmed_to_0""_fat_select_raw",70.52,158.0,662.0,20.57,8.45,1.01,0.0,0.0,12.0,2.02,82.0,0.0,3.424,0.0,0.245,1.899,1.173,4.307,0.304,3.855,0.384,0.331,0.01,0.038,69.0
"Beef_loin_top_loin_steak_boneless_lip_off_separable_lean_only_trimmed_to_0""_fat_select_raw",71.68,135.0,565.0,23.3,4.66,1.04,0.0,0.0,14.0,1.73,47.0,0.0,1.824,0.004,0.115,1.046,0.574,2.055,0.147,1.844,0.317,0.252,0.007,0.035,62.0
"Beef_rib_large_end_(ribs_6-9)_separable_lean_and_fat_trimmed_to_1slash8""_fat_all_grades_raw",54.51,316.0,1322.0,16.26,27.29,0.76,0.0,0.0,8.0,1.71,55.0,0.0,11.29,0.07,0.9,6.78,3.44,11.69,1.39,10.26,1.0,0.63,0.34,0.03,71.0
Beef_Australian_imported_Wagyu_loin_top_loin_steakslashroast_boneless_separable_lean_only_Aust._marble_score_4slash5_raw,63.07,223.0,931.0,20.15,15.69,0.89,0.2,0.0,4.0,1.85,61.0,0.0,5.909,0.011,0.444,3.534,1.659,8.022,0.593,7.263,0.441,0.362,0.023,0.038,58.0
"Beef_rib_back_ribs_bone-in_separable_lean_and_fat_trimmed_to_0""_fat_choice_raw",52.74,336.0,1404.0,15.75,29.89,0.72,0.9,0.0,9.0,1.61,53.0,0.0,13.296,0.024,0.877,6.99,4.765,14.553,0.978,13.025,1.219,1.076,0.051,0.047,76.0
Beef_New_Zealand_imported_bolar_blade_separable_lean_and_fat_raw,70.23,159.0,666.0,21.29,8.22,0.93,0.0,0.0,4.0,1.97,54.0,0.0,3.017,0.005,0.165,1.529,1.199,2.884,0.232,2.6,0.318,0.149,0.072,0.029,57.0
"Beef_bottom_sirloin_tri-tip_roast_separable_lean_and_fat_trimmed_to_0""_fat_all_grades_raw",70.08,165.0,692.0,20.64,8.55,1.03,0.0,0.0,25.0,1.49,52.0,0.0,3.14,0.005,0.206,1.969,0.954,4.246,0.325,3.918,0.394,0.303,0.052,0.039,66.0
"Beef_rib_large_end_(ribs_6-9)_separable_lean_and_fat_trimmed_to_1slash8""_fat_prime_raw",50.4,367.0,1536.0,15.77,33.26,0.73,0.0,0.0,8.0,1.65,53.0,0.0,13.96,0.08,1.09,8.25,4.21,14.37,1.67,12.47,1.23,0.79,0.39,0.03,73.0
"Beef_bottom_sirloin_tri-tip_roast_separable_lean_and_fat_trimmed_to_0""_fat_choice_raw",69.37,174.0,728.0,20.64,9.51,1.0,0.0,0.0,25.0,1.47,51.0,0.0,3.493,0.005,0.23,2.19,1.061,4.724,0.362,4.359,0.438,0.337,0.058,0.043,68.0
Beef_Australian_imported_Wagyu_seam_fat_Aust._marble_score_9_raw,28.13,627.0,2622.0,5.16,67.33,0.22,0.0,0.0,2.0,0.91,27.0,0.0,22.467,0.033,1.597,13.31,6.566,35.158,2.405,31.829,2.164,1.894,0.192,0.027,96.0
"Beef_composite_of_trimmed_retail_cuts_separable_lean_only_trimmed_to_0""_fat_select_raw",72.3,133.0,557.0,22.03,4.99,1.05,0.05,0.0,12.0,2.14,63.0,0.0,1.973,0.002,0.127,1.115,0.655,2.644,0.158,2.077,0.337,0.241,0.007,0.041,64.0
"Beef_top_loin_petite_roastslashfilet_boneless_separable_lean_only_trimmed_to_1slash8""_fat_select_raw",71.8,135.0,565.0,22.77,4.88,1.01,0.0,0.0,5.0,2.39,57.0,0.0,1.621,0.002,0.096,0.891,0.589,2.062,0.124,1.866,0.134,0.1,0.009,0.022,76.0
"Beef_shoulder_pot_roast_or_steak_boneless_separable_lean_and_fat_trimmed_to_0""_fat_select_raw",73.01,127.0,531.0,21.72,4.44,1.11,0.0,0.0,12.0,2.56,70.0,0.0,1.897,0.0,0.129,1.063,0.64,2.271,0.154,2.046,0.32,0.274,0.002,0.044,68.0
"Beef_ribeye_cap_steak_boneless_separable_lean_only_trimmed_to_0""_fat_select_raw",68.53,169.0,709.0,20.05,9.39,0.88,1.15,0.0,7.0,2.95,84.0,0.0,3.626,0.004,0.221,2.125,1.176,4.082,0.254,3.715,0.344,0.274,0.014,0.056,63.0
"Beef_short_loin_top_loin_steak_separable_lean_and_fat_trimmed_to_1slash8""_fat_prime_raw",58.42,281.0,1176.0,19.0,22.17,0.77,0.0,0.0,6.0,1.58,53.0,0.0,9.08,0.05,0.71,5.43,2.67,9.78,1.05,8.52,0.8,0.53,0.22,0.04,67.0
"Beef_top_sirloin_steak_separable_lean_and_fat_trimmed_to_1slash8""_fat_choice_raw",64.87,214.0,895.0,19.92,14.28,0.97,0.0,0.0,25.0,1.46,51.0,0.0,5.763,0.031,0.452,3.47,1.765,6.115,0.696,5.398,0.543,0.35,0.171,0.023,78.0
"Beef_ribeye__petite_roastslashfilet_boneless_separable_lean_only_trimmed_to_0""_fat_choice_raw",70.99,138.0,579.0,22.52,5.29,1.03,0.18,0.0,5.0,2.27,66.0,0.0,1.962,0.003,0.13,1.162,0.594,2.436,0.14,2.22,0.216,0.169,0.01,0.035,65.0
"Beef_tenderloin_steak_separable_lean_only_trimmed_to_1slash8""_fat_choice_raw",70.17,158.0,663.0,22.17,7.07,1.08,0.0,0.0,28.0,1.63,57.0,0.0,2.612,0.0,0.179,1.568,0.865,2.842,0.218,2.62,0.306,0.246,0.016,0.044,66.0
Beef_New_Zealand_imported_manufacturing_beef_raw,73.84,119.0,498.0,21.23,3.68,1.02,0.23,0.0,6.0,1.95,55.0,0.0,1.65,0.001,0.079,0.728,0.772,1.219,0.09,1.112,0.226,0.103,0.063,0.019,49.0
Beef_cured_breakfast_strips_raw_or_unheated,45.2,406.0,1699.0,12.5,38.8,2.8,0.7,0.0,4.0,1.23,955.0,24.0,15.95,0.11,1.31,8.48,5.03,18.68,2.47,16.21,2.19,1.67,0.52,0.0,82.0
"Beef_round_top_round_steak_boneless_separable_lean_and_fat_trimmed_to_0""_fat_all_grades_raw",72.64,124.0,519.0,23.49,3.34,1.12,0.0,0.0,13.0,2.33,54.0,0.0,1.287,0.003,0.077,0.735,0.417,1.481,0.105,1.323,0.238,0.171,0.005,0.035,62.0
Beef_variety_meats_and_by-products_spleen_raw,77.2,105.0,439.0,18.3,3.0,1.38,0.0,0.0,9.0,44.55,85.0,45.5,1.0,0.01,0.07,0.53,0.38,0.78,0.12,0.68,0.22,0.22,0.0,0.0,263.0
"Beef_short_loin_top_loin_steak_separable_lean_only_trimmed_to_1slash8""_fat_choice_raw",70.3,155.0,650.0,22.78,6.43,1.04,0.0,0.0,29.0,1.66,58.0,0.0,2.378,0.0,0.163,1.428,0.788,2.588,0.199,2.386,0.278,0.224,0.014,0.04,66.0
"Beef_rib_whole_(ribs_6-12)_separable_lean_and_fat_trimmed_to_1slash8""_fat_all_grades_raw",55.24,306.0,1280.0,16.53,26.1,0.78,0.0,0.0,9.0,1.74,55.0,0.0,10.76,0.06,0.86,6.47,3.28,11.24,1.32,9.87,0.94,0.6,0.32,0.02,70.0
"Beef_round_full_cut_separable_lean_and_fat_trimmed_to_1slash8""_fat_select_raw",66.62,184.0,770.0,20.56,10.68,0.98,0.0,0.0,4.0,2.0,54.0,0.0,4.2,0.02,0.33,2.57,1.25,4.62,0.55,4.06,0.41,0.26,0.12,0.02,62.0
"Beef_round_eye_of_round_roast_separable_lean_and_fat_trimmed_to_1slash8""_fat_all_grades_raw",69.31,166.0,695.0,21.49,8.24,1.01,0.0,0.0,20.0,1.81,58.0,0.0,3.245,0.018,0.252,1.98,0.969,3.561,0.42,3.13,0.315,0.205,0.093,0.016,68.0
"Beef_round_knuckle_tip_center_steak_separable_lean_and_fat_trimmed_to_0""_fat_all_grades_raw",72.45,143.0,596.0,20.93,5.89,0.96,0.0,0.0,5.0,1.96,54.0,0.0,2.163,0.0,0.16,1.304,0.605,2.336,0.172,2.123,0.312,0.253,0.011,0.049,59.0
"Beef_chuck_under_blade_pot_roast_or_steak_boneless_separable_lean_and_fat_trimmed_to_0""_fat_all_grades_raw",66.7,196.0,820.0,19.17,13.26,0.98,0.0,0.0,12.0,2.19,76.0,0.0,5.726,0.0,0.41,3.115,2.02,6.568,0.432,5.912,0.576,0.506,0.019,0.044,66.0
"Beef_shoulder_pot_roast_or_steak_boneless_separable_lean_only_trimmed_to_0""_fat_all_grades_raw",73.17,123.0,516.0,21.64,4.09,1.13,0.0,0.0,12.0,2.64,73.0,0.0,1.653,0.0,0.104,0.933,0.56,2.086,0.146,1.874,0.296,0.245,0.001,0.05,65.0
"Beef_short_loin_porterhouse_steak_separable_lean_only_trimmed_to_1slash8""_fat_select_raw",71.46,145.0,608.0,22.61,5.41,1.03,0.0,0.0,19.0,2.26,43.0,0.0,2.051,0.005,0.143,1.169,0.635,2.15,0.158,1.909,0.285,0.218,0.008,0.034,57.0
"Beef_chuck_eye_roast_boneless_America's_Beef_Roast_separable_lean_only_trimmed_to_0""_fat_select_raw",72.96,133.0,559.0,20.52,5.71,1.01,0.0,0.0,19.0,2.21,86.0,0.0,1.61,0.0,0.093,0.863,0.601,3.67,0.209,3.359,0.37,0.312,0.013,0.044,74.0
"Beef_bottom_sirloin_tri-tip_roast_separable_lean_only_trimmed_to_0""_fat_all_grades_raw",72.41,142.0,592.0,21.26,5.63,1.06,0.0,0.0,23.0,1.54,54.0,0.0,1.729,0.0,0.107,1.095,0.527,2.47,0.167,2.303,0.234,0.187,0.02,0.027,61.0
Beef_New_Zealand_imported_brisket_point_end_separable_lean_only_raw,73.75,125.0,524.0,20.92,4.62,0.96,0.0,0.0,4.0,2.06,51.0,0.0,1.648,0.003,0.099,0.984,0.497,2.279,0.235,1.989,0.264,0.117,0.049,0.032,54.0
Beef_Australian_imported_Wagyu_external_fat_Aust._marble_score_9_raw,25.17,639.0,2672.0,5.54,68.07,0.25,0.97,0.0,4.0,0.81,43.0,0.0,22.395,0.036,1.736,13.607,6.137,35.821,3.031,31.821,2.448,2.157,0.2,0.034,95.0
"Beef_rib_back_ribs_bone-in_separable_lean_only_trimmed_to_0""_fat_all_grades_raw",61.7,239.0,1002.0,19.11,17.91,0.82,0.46,0.0,9.0,1.84,60.0,0.0,7.055,0.013,0.448,3.801,2.449,8.072,0.517,7.221,0.701,0.59,0.031,0.049,70.0
Beef_Australian_imported_Wagyu_loin_tenderloin_steakslashroast_boneless_separable_lean_only_Aust._marble_score_4slash5_raw,66.47,191.0,801.0,20.19,12.3,1.04,0.0,0.0,4.0,2.24,64.0,0.0,5.507,0.009,0.355,3.119,1.766,5.246,0.302,4.86,0.494,0.374,0.03,0.066,59.0
Beef_New_Zealand_imported_tenderloin_separable_lean_only_raw,71.79,140.0,584.0,21.19,6.1,1.05,0.0,0.0,4.0,2.21,39.0,0.0,2.446,0.003,0.103,1.127,1.107,1.762,0.108,1.632,0.251,0.098,0.062,0.026,58.0
"Beef_round_bottom_round_roast_separable_lean_only_trimmed_to_1slash8""_fat_select_raw",73.17,128.0,534.0,22.18,3.66,1.08,0.0,0.0,21.0,1.9,62.0,0.0,1.253,0.0,0.086,0.795,0.373,1.542,0.151,1.389,0.157,0.123,0.009,0.026,59.0
"Beef_round_eye_of_round_steak_boneless_separable_lean_and_fat_trimmed_to_0""_fat_choice_raw",72.81,127.0,533.0,23.24,3.83,1.1,0.0,0.0,13.0,1.47,52.0,0.0,1.343,0.003,0.087,0.778,0.416,1.585,0.126,1.395,0.266,0.193,0.007,0.038,58.0
"Beef_round_top_round_roast_boneless_separable_lean_and_fat_trimmed_to_0""_fat_select_raw",72.93,121.0,507.0,23.44,3.04,1.11,0.0,0.0,13.0,2.34,54.0,0.0,1.151,0.003,0.067,0.645,0.385,1.262,0.085,1.135,0.231,0.164,0.004,0.036,63.0
Beef_Australian_imported_grass-fed_loin_top_loin_steakslashroast_boneless_separable_lean_and_fat_raw,66.42,199.0,831.0,19.9,13.17,0.91,0.11,0.0,5.0,1.46,60.0,0.0,5.837,0.012,0.408,3.218,1.918,5.447,0.408,4.92,0.436,0.283,0.075,0.032,46.0
"Beef_loin_top_loin_steak_boneless_lip_off_separable_lean_only_trimmed_to_0""_fat_choice_raw",69.94,149.0,622.0,22.93,6.34,1.01,0.0,0.0,15.0,1.93,46.0,0.0,2.515,0.006,0.164,1.467,0.766,2.948,0.221,2.625,0.393,0.309,0.009,0.049,58.0
"Beef_loin_top_loin_steak_boneless_lip-on_separable_lean_and_fat_trimmed_to_1slash8""_fat_choice_raw",64.65,205.0,857.0,21.13,13.36,0.94,0.0,0.0,16.0,1.88,44.0,0.0,5.685,0.011,0.396,3.184,1.845,6.455,0.504,5.696,0.671,0.568,0.023,0.047,61.0
Beef_New_Zealand_imported_ribs_prepared_raw,71.32,146.0,612.0,21.31,6.78,0.94,0.0,0.0,15.0,1.82,54.0,0.0,2.453,0.003,0.133,1.329,0.886,2.279,0.185,2.052,0.191,0.087,0.041,0.018,57.0
"Beef_top_loin_petite_roastslashfilet_boneless_separable_lean_and_fat_trimmed_to_1slash8""_fat_select_raw",68.4,170.0,712.0,21.6,9.3,1.0,0.0,0.0,7.0,2.98,85.0,0.0,2.803,0.007,0.177,1.534,0.996,3.882,0.211,3.506,0.259,0.216,0.016,0.024,76.0
Beef_variety_meats_and_by-products_tripe_raw,84.16,85.0,355.0,12.07,3.69,0.55,0.0,0.0,69.0,0.59,97.0,0.0,1.291,0.0,0.07,0.643,0.463,1.533,0.088,1.413,0.18,0.116,0.011,0.048,122.0
"Beef_round_full_cut_separable_lean_and_fat_trimmed_to_1slash8""_fat_choice_raw",65.44,195.0,816.0,20.56,11.92,0.98,0.0,0.0,4.0,1.99,54.0,0.0,4.63,0.02,0.36,2.84,1.38,5.14,0.6,4.53,0.46,0.31,0.12,0.03,62.0
"Beef_composite_of_trimmed_retail_cuts_separable_lean_and_fat_trimmed_to_0""_fat_select_raw",70.16,157.0,657.0,21.2,8.0,1.02,0.04,0.0,13.0,2.06,61.0,0.0,3.351,0.004,0.228,1.852,1.143,3.788,0.267,3.409,0.495,0.421,0.02,0.04,64.0
"Beef_brisket_flat_half_separable_lean_and_fat_trimmed_to_1slash8""_fat_all_grades_raw",59.07,277.0,1158.0,17.94,22.18,0.81,0.0,0.0,16.0,1.59,59.0,0.0,8.951,0.048,0.701,5.389,2.742,9.498,1.082,8.385,0.844,0.543,0.265,0.036,92.0
"Beef_chuck_mock_tender_steak_boneless_separable_lean_and_fat_trimmed_to_0""_fat_choice_raw",72.83,131.0,550.0,21.19,5.18,1.24,0.0,0.0,11.0,2.5,82.0,0.0,2.114,0.0,0.119,1.167,0.756,2.576,0.164,2.336,0.365,0.302,0.002,0.061,67.0
"Beef_chuck_eye_steak_boneless_separable_lean_and_fat_trimmed_to_0""_fat_all_grades_raw",64.48,223.0,931.0,18.86,16.35,0.86,0.0,0.0,14.0,2.1,66.0,0.0,6.963,0.0,0.486,3.705,2.553,7.739,0.469,7.016,0.666,0.587,0.033,0.038,68.0
"Beef_round_eye_of_round_steak_boneless_separable_lean_and_fat_trimmed_to_0""_fat_select_raw",73.46,120.0,501.0,23.3,2.95,1.08,0.0,0.0,13.0,1.37,50.0,0.0,1.199,0.002,0.08,0.68,0.38,1.346,0.102,1.188,0.228,0.157,0.006,0.034,62.0
"Beef_brisket_flat_half_boneless_separable_lean_only_trimmed_to_0""_fat_choice_raw",72.21,137.0,573.0,21.28,5.75,1.0,0.0,0.0,13.0,2.04,82.0,0.0,1.993,0.0,0.137,1.214,0.583,2.96,0.268,2.583,0.262,0.218,0.0,0.044,67.0
"Beef_rib_eye_small_end_(ribs_10-12)_separable_lean_only_trimmed_to_0""_fat_choice_raw",68.7,161.0,674.0,20.13,8.3,1.01,0.0,0.0,10.0,2.18,63.0,0.0,3.23,0.0,0.24,1.93,1.06,3.56,0.29,3.26,0.27,0.24,0.01,0.02,59.0
"Beef_chuck_shoulder_clod_shoulder_tender_medallion_separable_lean_and_fat_trimmed_to_0""_fat_all_grades_raw",72.8,144.0,602.0,20.54,6.22,0.92,0.0,0.0,5.0,1.95,58.0,0.0,2.088,0.0,0.147,1.211,0.636,2.136,0.151,1.954,0.34,0.276,0.01,0.054,57.0
"Beef_short_loin_t-bone_steak_separable_lean_and_fat_trimmed_to_1slash8""_fat_select_raw",65.0,215.0,898.0,20.28,14.19,0.92,0.0,0.0,23.0,1.73,52.0,0.0,6.211,0.012,0.439,3.414,2.069,6.707,0.508,5.937,0.663,0.562,0.026,0.038,62.0
"Beef_rib_back_ribs_bone-in_separable_lean_only_trimmed_to_0""_fat_choice_raw",60.48,252.0,1053.0,18.72,19.36,0.8,0.64,0.0,8.0,1.83,61.0,0.0,7.812,0.014,0.491,4.214,2.713,8.952,0.571,8.019,0.754,0.64,0.034,0.051,72.0
"Beef_brisket_point_half_separable_lean_and_fat_trimmed_to_1slash8""_fat_all_grades_raw",59.96,265.0,1109.0,17.65,20.98,0.82,0.0,0.0,6.0,1.69,72.0,0.0,8.42,0.05,0.7,5.15,2.45,9.53,1.12,8.38,0.69,0.44,0.23,0.02,71.0
"Beef_chuck_eye_roast_boneless_America's_Beef_Roast_separable_lean_and_fat_trimmed_to_0""_fat_choice_raw",68.26,185.0,773.0,19.14,12.02,0.98,0.0,0.0,17.0,2.08,80.0,0.0,5.072,0.0,0.34,2.713,1.857,5.908,0.352,5.367,0.527,0.459,0.023,0.039,67.0
"Beef_rib_small_end_(ribs_10-12)_separable_lean_and_fat_trimmed_to_1slash8""_fat_prime_raw",53.22,335.0,1402.0,16.74,29.18,0.8,0.0,0.0,10.0,1.77,53.0,0.0,12.07,0.07,0.94,7.14,3.66,12.84,1.42,11.21,1.04,0.68,0.32,0.03,70.0
Beef_New_Zealand_imported_oyster_blade_separable_lean_only_raw,71.68,155.0,650.0,21.83,7.56,0.9,0.0,0.0,4.0,1.95,59.0,0.0,2.589,0.004,0.139,1.377,0.961,2.648,0.201,2.407,0.268,0.126,0.059,0.022,56.0
"Beef_round_tip_round_roast_separable_lean_only_trimmed_to_0""_fat_select_raw",74.99,122.0,508.0,21.38,3.35,1.04,0.0,0.0,20.0,1.78,58.0,0.0,1.147,0.0,0.079,0.697,0.37,1.367,0.115,1.253,0.168,0.132,0.009,0.026,55.0
Beef_variety_meats_and_by-products_thymus_raw,67.8,236.0,987.0,12.18,20.35,1.38,0.0,0.0,7.0,2.1,96.0,34.0,7.01,0.0,0.16,3.75,2.63,7.05,1.22,5.83,3.8,2.22,0.14,0.0,223.0
"Beef_chuck_shoulder_clod_shoulder_top_and_center_steaks_separable_lean_and_fat_trimmed_to_0""_fat_choice_raw",72.49,143.0,597.0,20.39,6.12,0.91,0.0,0.0,4.0,2.14,61.0,0.0,2.083,0.0,0.151,1.272,0.579,3.439,0.181,2.108,0.554,0.253,0.0,0.048,57.0
"Beef_chuck_short_ribs_boneless_separable_lean_only_trimmed_to_0""_fat_choice_raw",68.73,175.0,732.0,19.38,10.7,0.9,0.29,0.0,11.0,2.53,81.0,0.0,4.55,0.0,0.282,2.522,1.589,5.723,0.359,5.166,0.427,0.363,0.018,0.044,73.0
"Beef_chuck_short_ribs_boneless_separable_lean_only_trimmed_to_0""_fat_select_raw",70.24,161.0,676.0,20.14,8.99,0.93,0.0,0.0,12.0,2.34,93.0,0.0,3.94,0.0,0.248,2.089,1.45,4.59,0.271,4.173,0.41,0.361,0.013,0.036,80.0
Beef_chuck_for_stew_separable_lean_and_fat_select_raw,72.79,124.0,520.0,21.9,3.99,1.12,0.21,0.0,14.0,2.2,81.0,0.0,1.748,0.0,0.106,0.959,0.627,2.16,0.146,1.951,0.287,0.236,0.003,0.045,66.0
"Beef_top_sirloin_steak_separable_lean_only_trimmed_to_1slash8""_fat_select_raw",73.31,127.0,531.0,22.27,3.54,1.19,0.0,0.0,22.0,1.61,56.0,0.0,1.307,0.0,0.089,0.784,0.433,1.422,0.109,1.311,0.167,0.123,0.008,0.022,59.0
"Beef_chuck_under_blade_pot_roast_or_steak_boneless_separable_lean_only_trimmed_to_0""_fat_select_raw",72.3,134.0,559.0,21.03,5.41,1.07,0.19,0.0,12.0,2.43,81.0,0.0,2.572,0.0,0.165,1.456,0.863,5.868,0.22,2.777,0.615,0.285,0.0,0.044,66.0
Beef_ground_93%_lean_meat_slash_7%_fat_raw,71.72,152.0,637.0,20.85,7.0,1.02,0.0,0.0,10.0,2.33,66.0,0.0,2.878,0.006,0.185,1.559,1.011,2.866,0.23,0.348,0.292,0.216,0.04,0.035,63.0
Beef_variety_meats_and_by-products_pancreas_raw,65.2,235.0,983.0,15.7,18.6,1.3,0.0,0.0,9.0,2.22,67.0,13.7,6.41,0.0,0.15,3.43,2.4,6.44,1.11,5.33,3.47,2.03,0.13,0.8,205.0
Beef_New_Zealand_imported_hind_shin_separable_lean_and_fat_raw,71.41,147.0,616.0,20.61,7.2,0.94,0.0,0.0,5.0,1.95,61.0,0.0,2.711,0.004,0.148,1.319,1.13,2.53,0.187,2.304,0.233,0.124,0.058,0.016,57.0
"Beef_composite_of_trimmed_retail_cuts_separable_lean_only_trimmed_to_1slash8""_fat_all_grades_raw",71.78,140.0,587.0,22.15,5.38,1.06,0.0,0.0,17.0,1.84,56.0,0.0,1.974,0.002,0.128,1.152,0.638,2.285,0.169,2.059,0.277,0.217,0.009,0.038,62.0
"Beef_brisket_flat_half_boneless_separable_lean_and_fat_trimmed_to_0""_fat_choice_raw",69.47,169.0,708.0,20.15,9.86,0.96,0.0,0.0,13.0,1.98,79.0,0.0,3.704,0.0,0.267,2.1,1.225,4.772,0.37,4.231,0.398,0.342,0.009,0.043,67.0
Beef_Australian_imported_grass-fed_loin_tenderloin_steakslashroast_boneless_separable_lean_only_raw,72.42,138.0,579.0,20.85,6.11,1.08,0.0,0.0,4.0,2.25,63.0,0.0,2.725,0.005,0.154,1.428,0.994,2.408,0.153,2.22,0.386,0.22,0.055,0.057,49.0
"Beef_shoulder_pot_roast_or_steak_boneless_separable_lean_and_fat_trimmed_to_0""_fat_all_grades_raw",72.58,130.0,545.0,21.39,4.97,1.13,0.0,0.0,12.0,2.62,72.0,0.0,2.033,0.0,0.133,1.132,0.701,2.497,0.171,2.247,0.326,0.272,0.003,0.049,66.0
"Beef_loin_top_loin_separable_lean_and_fat_trimmed_to_1slash8""_fat_select_raw",63.95,224.0,935.0,20.59,15.04,0.87,0.0,0.0,23.0,1.47,52.0,0.0,6.067,0.032,0.475,3.653,1.859,6.438,0.733,5.683,0.572,0.368,0.18,0.024,80.0
Beef_New_Zealand_imported_striploin_separable_lean_and_fat_raw,60.78,252.0,1055.0,18.49,19.53,0.76,0.6,0.0,7.0,1.38,43.0,0.0,8.064,0.012,0.507,3.993,3.236,6.937,0.571,6.228,0.515,0.304,0.143,0.016,57.0
Beef_Australian_imported_grass-fed_seam_fat_raw,31.2,562.0,2352.0,9.58,57.73,0.44,1.06,0.0,3.0,0.89,34.0,0.0,26.584,0.049,1.866,13.715,9.61,22.93,1.558,20.881,1.552,1.116,0.315,0.022,65.0
"Beef_chuck_eye_steak_boneless_separable_lean_and_fat_trimmed_to_0""_fat_select_raw",65.24,216.0,903.0,18.86,15.6,0.89,0.0,0.0,14.0,2.14,68.0,0.0,6.644,0.0,0.472,3.526,2.436,7.381,0.448,6.692,0.689,0.608,0.033,0.04,68.0
Beef_Australian_imported_grass-fed__external_fat_raw,36.51,509.0,2130.0,11.32,51.36,0.42,0.39,0.0,6.0,0.95,36.0,0.0,22.65,0.043,1.705,12.407,7.391,21.426,1.723,19.155,1.419,1.02,0.288,0.021,66.0
Beef_New_Zealand_imported_variety_meats_and_by-products_heart_raw,78.07,105.0,438.0,18.52,3.4,1.02,0.0,0.0,4.0,4.38,86.0,0.0,0.857,0.001,0.019,0.322,0.471,0.533,0.041,0.478,0.579,0.259,0.065,0.111,124.0
"Beef_brisket_flat_half_boneless_separable_lean_and_fat_trimmed_to_0""_fat_all_grades_raw",69.89,165.0,690.0,20.32,9.29,0.98,0.0,0.0,13.0,2.0,80.0,0.0,3.592,0.0,0.259,2.02,1.204,4.586,0.343,4.081,0.393,0.338,0.009,0.041,67.0
"Beef_round_tip_round_roast_separable_lean_and_fat_trimmed_to_0""_fat_select_raw",72.62,145.0,609.0,20.8,6.28,1.01,0.0,0.0,23.0,1.59,58.0,0.0,2.489,0.014,0.195,1.504,0.757,2.699,0.314,2.375,0.247,0.162,0.076,0.01,61.0
Beef_New_Zealand_imported_chuck_eye_roll_separable_lean_and_fat_raw,68.67,181.0,755.0,19.38,11.45,0.87,0.0,0.0,6.0,1.89,53.0,0.0,4.437,0.006,0.254,2.21,1.791,4.042,0.312,3.661,0.377,0.199,0.092,0.024,61.0
"Beef_round_eye_of_round_steak_boneless_separable_lean_only_trimmed_to_0""_fat_choice_raw",73.18,124.0,518.0,23.35,3.38,1.1,0.0,0.0,13.0,1.47,52.0,0.0,1.137,0.002,0.072,0.666,0.346,1.353,0.107,1.191,0.248,0.176,0.007,0.038,58.0
"Beef_rib_eye_steakslashroast_bone-in_lip-on_separable_lean_only_trimmed_to_1slash8""_fat_choice_raw",68.58,173.0,726.0,20.93,9.97,0.95,0.0,0.0,9.0,1.95,65.0,0.0,3.88,0.006,0.257,2.187,1.248,4.531,0.322,4.012,0.464,0.383,0.009,0.048,65.0
Beef_New_Zealand_imported_flank_separable_lean_only_raw,73.62,142.0,595.0,20.53,6.67,0.96,0.0,0.0,4.0,1.57,47.0,0.0,2.299,0.003,0.137,1.309,0.763,2.121,0.181,1.895,0.179,0.08,0.039,0.017,49.0
"Beef_chuck_arm_pot_roast_separable_lean_and_fat_trimmed_to_1slash8""_fat_choice_raw",61.78,249.0,1043.0,19.14,18.57,0.87,0.0,0.0,16.0,1.73,63.0,0.0,7.492,0.04,0.587,4.511,2.295,7.95,0.905,7.018,0.706,0.454,0.222,0.03,89.0
"Beef_chuck_clod_roast_separable_lean_only_trimmed_to_1slash4""_fat_all_grades_raw",73.41,129.0,540.0,19.63,5.02,1.17,0.0,0.0,6.0,2.35,64.0,0.0,1.414,0.0,0.082,0.851,0.471,1.965,0.096,1.839,0.286,0.218,0.022,0.046,59.0
"Beef_rib_small_end_(ribs_10-12)_separable_lean_and_fat_trimmed_to_1slash8""_fat_all_grades_raw",61.05,254.0,1065.0,19.33,19.06,0.9,0.0,0.0,23.0,1.39,49.0,0.0,7.692,0.041,0.603,4.631,2.356,8.162,0.93,7.206,0.725,0.467,0.228,0.031,81.0
"Beef_shoulder_top_blade_steak_boneless_separable_lean_and_fat_trimmed_to_0""_fat_all_grades_raw",71.89,146.0,610.0,20.16,7.25,1.09,0.0,0.0,12.0,2.49,82.0,0.0,3.153,0.0,0.199,1.757,1.092,3.771,0.244,3.411,0.415,0.347,0.01,0.054,69.0
"Beef_rib_whole_(ribs_6-12)_separable_lean_and_fat_trimmed_to_1slash8""_fat_select_raw",57.48,288.0,1205.0,16.75,23.95,0.79,0.0,0.0,9.0,1.77,55.0,0.0,9.88,0.06,0.79,5.94,3.01,10.32,1.22,9.07,0.86,0.55,0.3,0.02,70.0
"Beef_chuck_arm_pot_roast_separable_lean_and_fat_trimmed_to_1slash8""_fat_select_raw",62.88,239.0,1001.0,19.33,17.39,0.85,0.0,0.0,18.0,1.61,62.0,0.0,7.016,0.037,0.55,4.224,2.149,7.444,0.848,6.572,0.661,0.425,0.208,0.028,93.0
Beef_ground_97%_lean_meat_slash_3%_fat_raw,74.75,121.0,506.0,21.98,3.0,1.07,0.0,0.0,8.0,2.44,66.0,0.0,1.48,0.004,0.063,0.748,0.614,1.134,0.078,0.092,0.222,0.154,0.033,0.035,60.0
Beef_New_Zealand_imported_brisket_point_end_separable_lean_and_fat_raw,70.11,163.0,683.0,20.05,9.23,0.9,0.0,0.0,5.0,1.94,49.0,0.0,3.685,0.006,0.223,1.917,1.392,3.768,0.342,3.346,0.359,0.185,0.081,0.03,55.0
"Beef_shoulder_pot_roast_or_steak_boneless_separable_lean_only_trimmed_to_0""_fat_select_raw",73.51,121.0,506.0,21.93,3.7,1.12,0.0,0.0,12.0,2.57,71.0,0.0,1.53,0.0,0.101,0.869,0.506,1.85,0.128,1.665,0.28,0.238,0.0,0.042,68.0
"Beef_composite_of_trimmed_retail_cuts_separable_lean_and_fat_trimmed_to_1slash8""_fat_select_raw",61.88,192.0,802.0,19.06,12.4,0.92,0.0,0.0,17.0,1.52,51.0,0.0,5.219,0.018,0.38,2.972,1.701,5.621,0.513,4.991,0.535,0.41,0.083,0.029,68.0
"Beef_chuck_eye_roast_boneless_America's_Beef_Roast_separable_lean_and_fat_trimmed_to_0""_fat_all_grades_raw",68.8,180.0,753.0,19.18,11.48,0.97,0.0,0.0,17.0,2.08,81.0,0.0,5.042,0.0,0.337,2.689,1.855,5.837,0.345,5.308,0.526,0.457,0.023,0.04,69.0
"Beef_loin_tenderloin_steak_boneless_separable_lean_and_fat_trimmed_to_0""_fat_choice_raw",71.3,150.0,628.0,21.57,7.1,1.1,0.0,0.0,14.0,2.53,44.0,0.0,2.548,0.005,0.167,1.415,0.841,2.813,0.202,2.504,0.485,0.379,0.014,0.059,60.0
"Beef_chuck_shoulder_clod_top_blade_steak_separable_lean_and_fat_trimmed_to_0""_fat_select_raw",71.19,166.0,694.0,19.38,9.22,0.94,0.0,0.0,6.0,2.62,75.0,0.0,3.464,0.0,0.257,1.931,1.135,3.616,0.234,3.316,0.498,0.415,0.019,0.064,66.0
"Beef_round_knuckle_tip_center_steak_separable_lean_and_fat_trimmed_to_0""_fat_select_raw",72.72,137.0,574.0,20.98,5.21,0.92,0.0,0.0,5.0,2.01,53.0,0.0,1.89,0.0,0.15,1.129,0.523,2.014,0.157,1.81,0.295,0.239,0.012,0.044,59.0
Beef_grass-fed_ground_raw,67.13,198.0,828.0,19.42,12.73,1.71,0.0,0.0,12.0,1.99,68.0,0.0,5.335,0.009,0.345,2.747,1.98,4.8,0.347,4.363,0.532,0.426,0.071,0.012,62.0
"Beef_rib_back_ribs_bone-in_separable_lean_and_fat_trimmed_to_0""_fat_select_raw",55.67,305.0,1278.0,16.75,26.23,0.75,0.6,0.0,10.0,1.66,52.0,0.0,11.663,0.021,0.781,6.108,4.191,12.698,0.859,11.346,1.1,0.963,0.046,0.044,73.0
Beef_New_Zealand_imported_cube_roll_separable_lean_only_raw,69.43,161.0,675.0,19.77,8.51,0.91,1.38,0.0,3.0,2.09,45.0,0.0,3.689,0.004,0.203,1.857,1.49,3.054,0.238,2.762,0.261,0.108,0.07,0.02,59.0
"Beef_round_top_round_roast_boneless_separable_lean_only_trimmed_to_0""_fat_all_grades_raw",72.96,121.0,505.0,23.59,2.94,1.12,0.0,0.0,13.0,2.34,54.0,0.0,1.12,0.002,0.065,0.643,0.361,1.292,0.089,1.158,0.223,0.157,0.004,0.035,62.0
"Beef_loin_tenderloin_roast_boneless_separable_lean_and_fat_trimmed_to_0""_fat_all_grades_raw",71.5,149.0,623.0,21.67,6.93,1.09,0.0,0.0,14.0,2.48,44.0,0.0,2.479,0.005,0.163,1.362,0.832,2.695,0.19,2.402,0.463,0.362,0.014,0.056,61.0
"Beef_loin_top_sirloin_cap_steak_boneless_separable_lean_only_trimmed_to_1slash8""_fat_choice_raw",72.52,138.0,576.0,21.34,5.82,0.99,0.0,0.0,5.0,2.08,60.0,0.0,2.08,0.003,0.116,1.186,0.714,2.536,0.155,2.315,0.195,0.156,0.009,0.029,67.0
"Beef_chuck_eye_roast_boneless_America's_Beef_Roast_separable_lean_and_fat_trimmed_to_0""_fat_select_raw",69.61,173.0,724.0,19.25,10.67,0.95,0.0,0.0,18.0,2.12,82.0,0.0,4.998,0.0,0.331,2.653,1.852,5.732,0.336,5.219,0.525,0.455,0.023,0.041,73.0
"Beef_loin_tenderloin_roast_boneless_separable_lean_only_trimmed_to_0""_fat_all_grades_raw",72.44,139.0,583.0,21.94,5.74,1.11,0.0,0.0,13.0,2.5,44.0,0.0,1.956,0.004,0.125,1.078,0.655,2.122,0.145,1.899,0.42,0.321,0.012,0.056,61.0
"Beef_chuck_eye_Country-Style_ribs_boneless_separable_lean_and_fat_trimmed_to_0""_fat_all_grades_raw",66.33,205.0,857.0,18.97,14.32,0.88,0.0,0.0,14.0,2.1,77.0,0.0,6.154,0.0,0.425,3.288,2.243,6.957,0.424,6.304,0.605,0.532,0.03,0.036,70.0
"Beef_chuck_short_ribs_boneless_separable_lean_and_fat_trimmed_to_0""_fat_all_grades_raw",63.84,235.0,983.0,17.48,18.33,0.84,0.0,0.0,12.0,2.24,78.0,0.0,7.979,0.0,0.555,4.266,2.893,9.206,0.561,8.331,0.726,0.641,0.035,0.041,75.0
"Beef_rib_small_end_(ribs_10-12)_separable_lean_only_trimmed_to_1slash8""_fat_select_raw",72.9,134.0,561.0,22.53,4.2,1.06,0.0,0.0,22.0,1.59,55.0,0.0,1.553,0.0,0.106,0.932,0.515,1.69,0.13,1.558,0.182,0.146,0.009,0.026,73.0
"Beef_shoulder_top_blade_steak_boneless_separable_lean_only_trimmed_to_0""_fat_choice_raw",71.79,143.0,599.0,20.35,6.88,1.0,0.0,0.0,12.0,2.52,82.0,0.0,2.9,0.0,0.178,1.631,0.995,3.57,0.233,3.227,0.37,0.306,0.008,0.054,68.0
USDA_Commodity_beef_ground_bulkslashcoarse_ground_frozen_raw,65.81,228.0,954.0,17.37,17.07,0.86,0.0,0.0,7.0,1.69,57.0,0.0,6.813,0.02,0.47,3.912,2.041,7.413,0.68,6.403,0.71,0.053,0.07,0.08,69.0
"Beef_chuck_under_blade_center_steak_boneless_Denver_Cut_separable_lean_only_trimmed_to_0""_fat_all_grades_raw",69.19,170.0,709.0,19.42,9.99,0.91,0.49,0.0,11.0,2.42,77.0,0.0,4.132,0.0,0.265,2.237,1.488,4.889,0.314,4.41,0.526,0.456,0.018,0.052,69.0
Beef_chuck_for_stew_separable_lean_and_fat_choice_raw,72.32,130.0,545.0,21.64,4.81,1.11,0.12,0.0,13.0,2.09,79.0,0.0,1.988,0.0,0.121,1.092,0.71,2.51,0.173,2.26,0.31,0.255,0.005,0.048,63.0
"Beef_tenderloin_steak_separable_lean_and_fat_trimmed_to_1slash8""_fat_choice_raw",61.69,246.0,1029.0,19.82,17.88,0.94,0.0,0.0,25.0,1.43,50.0,0.0,7.214,0.038,0.565,4.343,2.21,7.655,0.872,6.758,0.68,0.438,0.214,0.029,85.0
Beef_Australian_imported_grass-fed_round_top_round_cap-off_steakslashroast_boneless_separable_lean_and_fat_raw,72.52,129.0,538.0,22.24,4.4,1.09,0.0,0.0,5.0,2.28,59.0,0.0,1.77,0.005,0.092,0.982,0.606,1.846,0.11,1.713,0.291,0.156,0.038,0.047,47.0
"Beef_rib_back_ribs_bone-in_separable_lean_and_fat_trimmed_to_0""_fat_all_grades_raw",53.91,324.0,1354.0,16.15,28.42,0.73,0.78,0.0,10.0,1.63,53.0,0.0,12.643,0.023,0.838,6.637,4.535,13.811,0.93,12.353,1.171,1.031,0.049,0.046,75.0
"Beef_bottom_sirloin_tri-tip_roast_separable_lean_only_trimmed_to_0""_fat_select_raw",73.48,129.0,540.0,21.34,4.21,1.1,0.0,0.0,22.0,1.55,54.0,0.0,1.5,0.0,0.093,0.95,0.458,2.144,0.145,1.999,0.203,0.162,0.017,0.023,59.0
"Beef_chuck_under_blade_pot_roast_or_steak_boneless_separable_lean_only_trimmed_to_0""_fat_choice_raw",70.82,145.0,606.0,21.19,6.51,1.08,0.39,0.0,12.0,2.27,80.0,0.0,2.76,0.0,0.185,1.584,0.903,3.24,0.239,2.887,0.32,0.271,0.004,0.044,65.0
"Beef_brisket_flat_half_separable_lean_only_trimmed_to_1slash8""_fat_choice_raw",73.27,129.0,541.0,21.69,4.06,1.01,0.0,0.0,15.0,2.04,75.0,0.0,1.508,0.003,0.107,0.902,0.496,1.705,0.148,1.553,0.176,0.141,0.014,0.021,65.0
"Beef_plate_steak_boneless_inside_skirt_separable_lean_only_trimmed_to_0""_fat_all_grades_raw",69.5,164.0,687.0,21.17,8.82,0.95,0.0,0.0,6.0,1.75,66.0,0.0,3.233,0.006,0.214,1.842,1.023,3.943,0.294,3.467,0.442,0.35,0.01,0.053,64.0
"Beef_round_top_round_steak_separable_lean_and_fat_trimmed_to_1slash8""_fat_choice_raw",68.8,168.0,701.0,21.94,8.19,1.11,0.0,0.0,17.0,1.97,57.0,0.0,3.224,0.018,0.251,1.967,0.962,3.538,0.417,3.11,0.313,0.204,0.093,0.016,69.0
"Beef_chuck_eye_roast_boneless_America's_Beef_Roast_separable_lean_only_trimmed_to_0""_fat_all_grades_raw",72.48,137.0,571.0,20.61,6.01,1.03,0.0,0.0,18.0,2.18,85.0,0.0,2.55,0.0,0.146,1.381,0.938,3.11,0.18,2.841,0.31,0.262,0.01,0.037,69.0
"Beef_loin_tenderloin_steak_boneless_separable_lean_and_fat_trimmed_to_0""_fat_select_raw",72.31,142.0,594.0,21.95,6.02,1.09,0.0,0.0,14.0,2.47,42.0,0.0,2.087,0.005,0.136,1.128,0.719,2.224,0.153,1.988,0.407,0.313,0.012,0.051,62.0
"Beef_round_bottom_round_steak_separable_lean_and_fat_trimmed_to_1slash8""_fat_all_grades_raw",66.88,192.0,805.0,20.7,11.54,1.01,0.0,0.0,20.0,1.74,56.0,0.0,4.544,0.025,0.353,2.772,1.356,4.987,0.587,4.383,0.441,0.287,0.131,0.023,73.0
"Beef_round_top_round_steak_separable_lean_and_fat_trimmed_to_1slash8""_fat_select_raw",69.29,164.0,686.0,22.18,7.68,1.08,0.0,0.0,25.0,1.74,63.0,0.0,3.023,0.017,0.235,1.844,0.902,3.317,0.391,2.916,0.293,0.191,0.087,0.015,68.0
"Beef_ribeye__petite_roastslashfilet_boneless_separable_lean_only_trimmed_to_0""_fat_select_raw",72.46,125.0,523.0,22.89,3.72,1.11,0.0,0.0,5.0,2.17,57.0,0.0,1.265,0.001,0.093,0.785,0.338,1.757,0.103,1.6,0.152,0.121,0.007,0.025,65.0
Beef_Australian_imported_Wagyu_loin_top_loin_steakslashroast_separable_lean_and_fat_Aust._marble_score_9_raw,47.68,392.0,1640.0,14.58,36.98,0.61,0.22,0.0,4.0,1.54,61.0,0.0,12.765,0.021,0.977,7.987,3.313,19.457,1.603,17.348,1.333,1.166,0.101,0.037,68.0
"Beef_chuck_under_blade_center_steak_boneless_Denver_Cut_separable_lean_and_fat_trimmed_to_0""_fat_choice_raw",67.31,189.0,792.0,18.85,12.4,0.9,0.53,0.0,11.0,2.37,75.0,0.0,5.137,0.0,0.337,2.76,1.866,6.04,0.385,5.449,0.617,0.536,0.024,0.056,70.0
"Beef_round_eye_of_round_steak_boneless_separable_lean_only_trimmed_to_0""_fat_all_grades_raw",73.43,121.0,506.0,23.37,3.04,1.1,0.0,0.0,13.0,1.45,53.0,0.0,1.086,0.002,0.07,0.631,0.335,1.266,0.098,1.116,0.233,0.162,0.006,0.036,60.0
"Beef_shoulder_top_blade_steak_boneless_separable_lean_and_fat_trimmed_to_0""_fat_select_raw",73.04,137.0,573.0,20.28,6.21,1.24,0.0,0.0,12.0,2.49,86.0,0.0,2.69,0.0,0.169,1.498,0.931,3.118,0.203,2.823,0.391,0.331,0.01,0.049,71.0
"Beef_brisket_flat_half_boneless_separable_lean_only_trimmed_to_0""_fat_select_raw",73.43,124.0,520.0,21.74,4.14,1.07,0.0,0.0,13.0,2.08,85.0,0.0,1.58,0.0,0.105,0.936,0.489,2.3,0.185,2.036,0.23,0.192,0.0,0.037,69.0
Beef_variety_meats_and_by-products_heart_raw,77.11,112.0,467.0,17.72,3.94,1.1,0.14,0.0,7.0,4.31,98.0,2.0,1.383,0.0,0.067,0.621,0.623,1.137,0.059,1.06,0.546,0.395,0.016,0.128,124.0
"Beef_round_outside_round_bottom_round_steak_separable_lean_and_fat_trimmed_to_0""_fat_choice_raw",71.51,150.0,628.0,21.24,6.59,1.04,0.0,0.0,5.0,2.34,63.0,0.0,2.301,0.0,0.176,1.428,0.594,2.94,0.28,2.595,0.309,0.25,0.0,0.06,61.0
Beef_New_Zealand_imported_oyster_blade_separable_lean_and_fat_raw,69.48,178.0,744.0,21.27,10.31,0.87,0.0,0.0,4.0,1.89,57.0,0.0,3.815,0.006,0.217,1.952,1.484,3.583,0.274,3.252,0.328,0.169,0.078,0.021,56.0
"Beef_chuck_under_blade_center_steak_boneless_Denver_Cut_separable_lean_and_fat_trimmed_to_0""_fat_select_raw",69.3,172.0,718.0,19.2,10.5,0.91,0.09,0.0,11.0,2.38,76.0,0.0,4.37,0.0,0.293,2.365,1.568,5.047,0.32,4.558,0.522,0.457,0.018,0.046,68.0
"Beef_round_bottom_round_roast_separable_lean_only_trimmed_to_1slash8""_fat_choice_raw",71.99,140.0,584.0,22.22,4.96,1.06,0.0,0.0,19.0,2.06,56.0,0.0,1.699,0.0,0.117,1.077,0.505,2.09,0.204,1.882,0.213,0.166,0.012,0.035,62.0
"Beef_plate_steak_boneless_outside_skirt_separable_lean_only_trimmed_to_0""_fat_select_raw",66.22,198.0,830.0,19.14,13.44,0.97,0.23,0.0,6.0,3.8,65.0,0.0,5.349,0.008,0.322,2.739,2.045,5.659,0.312,5.107,0.718,0.58,0.022,0.075,69.0
"Beef_rib_eye_steak_boneless_lip_off_separable_lean_and_fat_trimmed_to_0""_fat_all_grades_raw",63.02,228.0,954.0,19.26,16.71,0.88,0.12,0.0,8.0,1.81,52.0,0.0,7.363,0.013,0.491,3.909,2.59,7.88,0.518,7.074,0.794,0.689,0.022,0.05,68.0
"Beef_composite_of_trimmed_retail_cuts_separable_lean_and_fat_trimmed_to_1slash8""_fat_all_grades_raw",64.81,214.0,895.0,20.01,14.42,0.96,0.0,0.0,17.0,1.69,52.0,0.0,6.036,0.021,0.437,3.43,1.971,6.497,0.585,5.772,0.617,0.476,0.092,0.034,72.0
Beef_Australian_imported_Wagyu_rib_small_end_rib_steakslashroast_boneless_separable_lean_only_Aust._marble_score_4slash5_raw,61.92,234.0,978.0,20.35,16.93,0.91,0.0,0.0,4.0,1.89,58.0,0.0,6.536,0.011,0.474,3.998,1.769,8.451,0.67,7.6,0.523,0.434,0.034,0.039,72.0
"Beef_loin_top_loin_steak_boneless_lip_off_separable_lean_and_fat_trimmed_to_0""_fat_choice_raw",67.82,171.0,716.0,22.19,9.16,0.98,0.0,0.0,15.0,1.91,45.0,0.0,3.79,0.008,0.257,2.155,1.203,4.328,0.329,3.84,0.505,0.412,0.015,0.049,59.0
"Beef_round_eye_of_round_roast_separable_lean_only_trimmed_to_1slash8""_fat_all_grades_raw",73.43,124.0,517.0,22.6,3.0,1.08,0.0,0.0,20.0,1.96,60.0,0.0,1.027,0.0,0.071,0.651,0.305,1.263,0.124,1.138,0.129,0.101,0.007,0.021,59.0
"Beef_round_tip_round_roast_separable_lean_only_trimmed_to_0""_fat_choice_raw",73.98,130.0,543.0,20.76,4.55,1.02,0.0,0.0,18.0,1.92,52.0,0.0,1.556,0.0,0.108,0.946,0.503,1.855,0.156,1.7,0.227,0.18,0.012,0.036,58.0
"Beef_rib_whole_(ribs_6-12)_separable_lean_and_fat_trimmed_to_1slash8""_fat_prime_raw",51.51,355.0,1485.0,16.15,31.66,0.76,0.0,0.0,9.0,1.7,53.0,0.0,13.22,0.07,1.03,7.82,3.99,13.77,1.57,11.97,1.15,0.75,0.37,0.03,72.0
"Beef_tenderloin_steak_separable_lean_and_fat_trimmed_to_1slash8""_fat_select_raw",61.33,249.0,1043.0,19.37,18.46,0.9,0.0,0.0,22.0,1.42,50.0,0.0,7.451,0.04,0.584,4.486,2.282,7.906,0.9,6.979,0.702,0.452,0.221,0.03,86.0
"Beef_brisket_flat_half_separable_lean_and_fat_trimmed_to_1slash8""_fat_choice_raw",58.8,278.0,1162.0,18.12,22.15,0.82,0.12,0.0,15.0,1.68,61.0,0.0,8.939,0.047,0.7,5.382,2.738,9.485,1.08,8.374,0.843,0.542,0.265,0.036,91.0
"Beef_flank_steak_separable_lean_only_trimmed_to_0""_fat_all_grades_raw",72.08,141.0,592.0,21.57,5.47,1.02,0.0,0.0,24.0,1.57,55.0,0.0,2.058,0.007,0.14,1.325,0.579,1.951,0.167,1.778,0.193,0.12,0.047,0.027,62.0
"Beef_chuck_shoulder_clod_shoulder_top_and_center_steaks_separable_lean_and_fat_trimmed_to_0""_fat_select_raw",72.54,140.0,585.0,21.13,5.51,0.88,0.0,0.0,4.0,2.64,58.0,0.0,1.791,0.0,0.126,1.025,0.572,1.933,0.132,1.762,0.341,0.277,0.011,0.053,58.0
Beef_Australian_imported_Wagyu_rib_small_end_rib_steakslashroast_boneless_separable_lean_only_Aust._marble_score_9_raw,52.58,330.0,1380.0,17.61,28.61,0.73,0.46,0.0,4.0,2.14,65.0,0.0,11.123,0.017,0.863,7.071,2.776,14.343,1.135,12.842,0.789,0.675,0.054,0.041,77.0
"Beef_brisket_whole_separable_lean_and_fat_trimmed_to_1slash8""_fat_all_grades_raw",61.08,251.0,1050.0,18.42,19.06,0.88,0.0,0.0,6.0,1.7,69.0,0.0,7.53,0.04,0.62,4.59,2.22,8.52,1.0,7.49,0.66,0.42,0.21,0.03,68.0
"Beef_round_eye_of_round_steak_boneless_separable_lean_and_fat_trimmed_to_0""_fat_all_grades_raw",73.07,124.0,520.0,23.26,3.48,1.09,0.0,0.0,13.0,1.45,53.0,0.0,1.285,0.002,0.084,0.739,0.401,1.49,0.116,1.312,0.251,0.179,0.007,0.036,60.0
Beef_New_Zealand_imported_hind_shin_separable_lean_only_raw,74.57,114.0,477.0,21.46,3.12,0.99,0.0,0.0,4.0,2.04,63.0,0.0,0.881,0.001,0.044,0.517,0.284,1.257,0.101,1.136,0.146,0.066,0.029,0.017,56.0
"Beef_chuck_arm_pot_roast_separable_lean_only_trimmed_to_1slash8""_fat_choice_raw",72.51,139.0,583.0,21.96,5.05,1.02,0.0,0.0,15.0,2.02,74.0,0.0,1.875,0.004,0.133,1.121,0.616,2.119,0.184,1.931,0.232,0.176,0.017,0.026,65.0
"Beef_composite_of_trimmed_retail_cuts_separable_lean_and_fat_trimmed_to_1slash8""_fat_choice_raw",63.98,222.0,929.0,19.79,15.42,0.94,0.0,0.0,17.0,1.73,50.0,0.0,6.43,0.022,0.464,3.657,2.1,6.92,0.623,6.148,0.655,0.504,0.099,0.036,72.0
"Beef_round_tip_round_separable_lean_and_fat_trimmed_to_1slash8""_fat_all_grades_raw",66.1,189.0,791.0,19.6,11.67,0.95,0.0,0.0,5.0,2.0,58.0,0.0,4.6,0.02,0.36,2.78,1.4,5.0,0.57,4.41,0.46,0.31,0.13,0.02,65.0
"Beef_short_loin_t-bone_steak_separable_lean_and_fat_trimmed_to_1slash8""_fat_all_grades_raw",64.06,223.0,932.0,20.11,15.18,0.92,0.0,0.0,21.0,1.64,40.0,0.0,6.495,0.012,0.452,3.577,2.171,7.07,0.531,6.27,0.698,0.593,0.028,0.039,62.0
Beef_New_Zealand_imported_striploin_separable_lean_only_raw,70.41,150.0,626.0,20.93,7.0,0.91,0.74,0.0,4.0,1.61,47.0,0.0,2.488,0.004,0.168,1.438,0.789,2.814,0.268,2.476,0.243,0.11,0.056,0.02,54.0
Beef_ground_70%_lean_meat_slash_30%_fat_raw,54.3,332.0,1389.0,14.35,30.0,0.7,0.0,0.0,24.0,1.64,66.0,0.0,11.754,0.02,0.918,6.463,3.448,14.171,1.105,1.82,0.697,0.577,0.084,0.035,78.0
Beef_Australian_imported_grass-fed_round_top_round_cap-off_steakslashroast_boneless_separable_lean_only_raw,73.05,129.0,542.0,22.41,4.43,1.09,0.0,0.0,5.0,2.3,60.0,0.0,1.783,0.005,0.092,0.989,0.611,1.86,0.111,1.726,0.293,0.158,0.039,0.047,48.0
"Beef_chuck_blade_roast_separable_lean_and_fat_trimmed_to_1slash8""_fat_all_grades_raw",61.23,248.0,1038.0,17.16,19.41,0.82,0.0,0.0,10.0,2.04,68.0,0.0,7.82,0.05,0.62,4.69,2.41,8.52,0.95,7.54,0.71,0.47,0.22,0.03,71.0
Beef_variety_meats_and_by-products_tongue_raw,64.53,224.0,937.0,14.9,16.09,0.8,3.68,0.0,6.0,2.95,69.0,3.1,7.0,0.09,0.57,4.22,2.1,7.24,0.55,6.55,0.9,0.58,0.0,0.31,87.0
Beef_New_Zealand_imported_sweetbread_raw,57.67,303.0,1270.0,11.51,28.6,2.36,0.0,0.0,4.0,1.15,64.0,0.0,12.294,0.054,0.739,5.913,5.137,8.072,0.526,7.435,0.646,0.358,0.126,0.044,217.0
"Beef_chuck_arm_pot_roast_separable_lean_only_trimmed_to_1slash8""_fat_all_grades_raw",73.32,132.0,553.0,22.11,4.19,1.01,0.0,0.0,16.0,1.93,74.0,0.0,1.553,0.004,0.11,0.929,0.511,1.756,0.153,1.6,0.181,0.145,0.014,0.021,65.0
Beef_rib_shortribs_separable_lean_and_fat_choice_raw,48.29,388.0,1623.0,14.4,36.23,0.68,0.0,0.0,9.0,1.55,49.0,0.0,15.76,0.09,1.2,9.0,4.54,16.39,1.88,13.73,1.32,0.81,0.48,0.02,76.0
Beef_New_Zealand_imported_tenderloin_separable_lean_and_fat_raw,71.18,146.0,611.0,21.04,6.88,1.04,0.0,0.0,4.0,2.18,39.0,0.0,2.788,0.003,0.125,1.289,1.25,2.032,0.129,1.876,0.268,0.11,0.067,0.026,58.0
Beef_cured_corned_beef_brisket_raw,66.56,198.0,828.0,14.68,14.9,3.73,0.14,0.0,7.0,1.69,1217.0,27.0,4.73,0.02,0.36,2.74,1.34,7.18,1.1,6.08,0.53,0.38,0.15,0.0,54.0
Beef_Australian_imported_Wagyu_external_fat_Aust._marble_score_4slash5_raw,30.25,596.0,2492.0,6.54,63.27,0.4,0.0,0.0,2.0,1.0,37.0,0.0,22.504,0.039,1.683,12.691,6.98,31.583,2.216,28.657,1.575,1.372,0.137,0.022,73.0
"Beef_rib_eye_steakslashroast_bone-in_lip-on_separable_lean_only_trimmed_to_1slash8""_fat_select_raw",70.21,155.0,650.0,21.65,7.64,1.0,0.0,0.0,10.0,1.99,63.0,0.0,3.039,0.005,0.202,1.681,1.026,3.528,0.247,3.123,0.393,0.32,0.008,0.044,62.0
"Beef_plate_steak_boneless_outside_skirt_separable_lean_only_trimmed_to_0""_fat_all_grades_raw",65.6,206.0,864.0,18.74,14.53,0.94,0.19,0.0,5.0,3.6,67.0,0.0,5.618,0.007,0.333,2.888,2.129,6.082,0.333,5.492,0.766,0.619,0.023,0.079,69.0
"Beef_rib_back_ribs_bone-in_separable_lean_only_trimmed_to_0""_fat_select_raw",63.52,221.0,925.0,19.71,15.73,0.84,0.2,0.0,9.0,1.86,59.0,0.0,5.92,0.01,0.383,3.181,2.054,6.752,0.435,6.025,0.622,0.514,0.028,0.046,67.0
"Beef_loin_top_loin_steak_boneless_lip-on_separable_lean_and_fat_trimmed_to_1slash8""_fat_select_raw",66.35,191.0,799.0,21.54,11.65,0.97,0.0,0.0,15.0,1.71,45.0,0.0,5.202,0.01,0.359,2.89,1.71,5.826,0.452,5.15,0.636,0.541,0.021,0.04,64.0
"Beef_short_loin_top_loin_steak_separable_lean_only_trimmed_to_1slash8""_fat_all_grades_raw",71.49,138.0,578.0,22.93,5.15,1.02,0.0,0.0,25.0,1.64,57.0,0.0,1.905,0.0,0.13,1.144,0.631,2.073,0.159,1.911,0.223,0.18,0.012,0.032,53.0
USDA_Commodity_beef_patties_(100%)_frozen_raw,64.72,204.0,854.0,14.63,15.69,0.68,0.0,0.0,7.0,1.93,74.0,0.0,6.333,0.021,0.472,3.834,1.985,6.861,0.0,0.0,0.643,0.16,0.276,0.208,53.0
Beef_Australian_imported_Wagyu_loin_tenderloin_steakslashroast_boneless_separable_lean_and_fat_Aust._marble_score_9_raw,60.9,248.0,1039.0,18.5,19.11,0.91,0.58,0.0,4.0,2.37,61.0,0.0,7.788,0.011,0.504,4.657,2.287,8.926,0.607,8.177,0.746,0.618,0.043,0.065,74.0
"Beef_round_knuckle_tip_side_steak_separable_lean_and_fat__trimmed_to_0""_fat_select_raw",73.52,124.0,517.0,21.96,3.24,1.12,0.0,0.0,5.0,2.38,57.0,0.0,1.225,0.0,0.084,0.712,0.37,1.338,0.095,1.216,0.269,0.211,0.009,0.049,61.0
"Beef_chuck_arm_pot_roast_separable_lean_and_fat_trimmed_to_1slash8""_fat_all_grades_raw",62.33,244.0,1022.0,19.23,17.98,0.86,0.0,0.0,17.0,1.67,62.0,0.0,7.254,0.039,0.568,4.367,2.222,7.697,0.877,6.795,0.684,0.44,0.215,0.029,91.0
Beef_New_Zealand_imported_variety_meats_and_by-products_tongue_raw,65.24,243.0,1016.0,17.77,19.09,0.8,0.0,0.0,4.0,1.81,73.0,0.0,6.689,0.011,0.438,3.333,2.573,6.656,0.518,6.032,0.638,0.382,0.134,0.031,81.0
"Beef_round_knuckle_tip_side_steak_separable_lean_and_fat_trimmed_to_0""_fat_choice_raw",73.0,133.0,558.0,21.41,4.66,1.05,0.0,0.0,5.0,2.14,62.0,0.0,1.755,0.0,0.123,1.081,0.474,2.152,0.175,1.933,0.277,0.216,0.008,0.052,61.0
"Beef_rib_eye_steakslashroast_boneless_lip-on_separable_lean_and_fat_trimmed_to_1slash8""_fat_select_raw",63.08,230.0,964.0,19.55,16.9,0.91,0.0,0.0,7.0,1.64,50.0,0.0,7.515,0.012,0.503,3.993,2.642,8.092,0.537,7.26,0.825,0.716,0.022,0.052,74.0
"Beef_plate_steak_boneless_inside_skirt_separable_lean_and_fat_trimmed_to_0""_fat_choice_raw",66.55,195.0,817.0,20.06,12.78,0.91,0.0,0.0,6.0,1.7,65.0,0.0,5.034,0.008,0.333,2.771,1.686,6.01,0.441,5.307,0.596,0.491,0.015,0.056,65.0
"Beef_top_loin_petite_roastslashfilet_boneless_separable_lean_and_fat_trimmed_to_1slash8""_fat_all_grades_raw",66.4,187.0,784.0,21.1,11.3,0.9,0.3,0.0,6.0,2.66,89.0,0.0,3.547,0.009,0.231,1.957,1.223,4.801,0.265,4.336,0.358,0.302,0.018,0.037,69.0
"Beef_tenderloin_steak_separable_lean_only_trimmed_to_1slash8""_fat_select_raw",71.11,148.0,618.0,22.06,5.93,1.05,0.0,0.0,22.0,1.6,55.0,0.0,2.191,0.0,0.15,1.315,0.726,2.384,0.183,2.198,0.256,0.206,0.013,0.037,64.0
"Beef_top_sirloin_steak_separable_lean_only_trimmed_to_1slash8""_fat_all_grades_raw",72.91,131.0,549.0,22.09,4.08,1.14,0.0,0.0,25.0,1.61,56.0,0.0,1.508,0.0,0.103,0.905,0.5,1.641,0.126,1.513,0.19,0.142,0.009,0.025,60.0
"Beef_rib_eye_steakslashroast_bone-in_lip-on_separable_lean_and_fat_trimmed_to_1slash8""_fat_choice_raw",60.35,260.0,1089.0,17.92,20.96,0.84,0.0,0.0,10.0,1.73,57.0,0.0,9.265,0.016,0.631,4.96,3.209,9.929,0.683,8.879,0.921,0.809,0.029,0.045,70.0
Beef_carcass_separable_lean_and_fat_select_raw,58.21,278.0,1163.0,17.48,22.55,0.82,0.0,0.0,8.0,1.85,59.0,0.0,9.16,0.05,0.7,5.43,2.75,9.82,1.09,8.55,0.86,0.57,0.23,0.05,74.0
"Beef_round_eye_of_round_roast_boneless_separable_lean_only_trimmed_to_0""_fat_select_raw",73.81,116.0,487.0,23.41,2.52,1.09,0.0,0.0,13.0,1.37,50.0,0.0,1.011,0.002,0.066,0.578,0.317,1.136,0.084,1.004,0.211,0.141,0.005,0.034,62.0
"Beef_round_tip_round_separable_lean_and_fat_trimmed_to_1slash8""_fat_select_raw",66.86,178.0,745.0,19.74,10.39,0.96,0.0,0.0,5.0,2.02,58.0,0.0,4.1,0.02,0.32,2.48,1.25,4.45,0.51,3.93,0.41,0.27,0.12,0.02,64.0
"Beef_rib_eye_steak_boneless_lip_off_separable_lean_and_fat_trimmed_to_0""_fat_select_raw",64.83,208.0,869.0,20.12,14.14,0.91,0.0,0.0,7.0,1.72,52.0,0.0,6.29,0.01,0.421,3.342,2.211,6.773,0.449,6.077,0.691,0.599,0.019,0.044,61.0
"Beef_chuck_shoulder_clod_shoulder_tender_medallion_separable_lean_and_fat_trimmed_to_0""_fat_select_raw",72.79,142.0,593.0,20.93,5.79,0.9,0.0,0.0,5.0,2.39,60.0,0.0,1.988,0.0,0.144,1.106,0.642,1.979,0.134,1.814,0.337,0.278,0.011,0.048,58.0
"Beef_rib_eye_steakslashroast_boneless_lip-on_separable_lean_only_trimmed_to_1slash8""_fat_choice_raw",69.65,161.0,674.0,21.62,8.29,0.99,0.0,0.0,7.0,2.04,56.0,0.0,3.057,0.005,0.184,1.699,1.018,3.576,0.215,3.204,0.467,0.372,0.007,0.064,63.0
"Beef_top_sirloin_steak_separable_lean_and_fat_trimmed_to_1slash8""_fat_select_raw",67.32,189.0,789.0,20.68,11.13,1.08,0.0,0.0,24.0,1.51,53.0,0.0,4.491,0.024,0.352,2.704,1.376,4.765,0.543,4.207,0.423,0.272,0.133,0.018,72.0
"Beef_loin_top_loin_steak_boneless_lip-on_separable_lean_only_trimmed_to_1slash8""_fat_choice_raw",69.94,149.0,622.0,22.93,6.34,1.01,0.0,0.0,15.0,1.93,46.0,0.0,2.515,0.006,0.164,1.467,0.766,2.948,0.221,2.625,0.393,0.309,0.009,0.049,58.0
Beef_Australian_imported_grass-fed_round_bottom_round_steakslashroast_boneless_separable_lean_and_fat_raw,72.33,140.0,586.0,21.13,6.16,1.04,0.01,0.0,5.0,2.08,70.0,0.0,2.51,0.006,0.166,1.41,0.811,2.634,0.225,2.354,0.377,0.2,0.064,0.05,55.0
"Beef_rib_small_end_(ribs_10-12)_separable_lean_only_trimmed_to_1slash8""_fat_all_grades_raw",69.95,141.0,589.0,22.33,5.04,0.99,0.0,0.0,24.0,1.6,56.0,0.0,1.864,0.0,0.128,1.119,0.618,2.029,0.156,1.87,0.218,0.176,0.011,0.031,75.0
Beef_ground_95%_lean_meat_slash_5%_fat_raw,73.24,137.0,571.0,21.41,5.0,1.05,0.0,0.0,9.0,2.38,66.0,0.0,2.182,0.005,0.125,1.156,0.813,1.994,0.154,0.22,0.257,0.185,0.036,0.035,62.0
"Beef_ribeye_cap_steak_boneless_separable_lean_only_trimmed_to_0""_fat_all_grades_raw",67.31,180.0,754.0,19.7,10.6,0.89,1.51,0.0,6.0,2.64,88.0,0.0,4.066,0.005,0.254,2.324,1.364,4.735,0.31,4.289,0.409,0.324,0.016,0.068,64.0
"Beef_short_loin_porterhouse_steak_separable_lean_and_fat_trimmed_to_1slash8""_fat_select_raw",65.49,208.0,870.0,20.69,13.27,0.95,0.0,0.0,19.0,2.13,42.0,0.0,5.696,0.011,0.407,3.142,1.881,6.119,0.466,5.41,0.613,0.521,0.024,0.034,60.0
Beef_Australian_imported_grass-fed_rib_ribeye_steakslashroast_lip-on_boneless_separable_lean_and_fat_raw,64.6,217.0,906.0,19.8,15.21,0.88,0.11,0.0,5.0,1.74,60.0,0.0,6.782,0.011,0.456,3.715,2.288,6.344,0.444,5.775,0.467,0.314,0.087,0.023,52.0
Beef_retail_cuts_separable_fat_raw,20.21,674.0,2820.0,8.21,70.89,0.28,0.0,0.0,26.0,0.72,26.0,0.0,29.45,0.21,2.39,17.73,8.81,30.94,3.88,26.95,2.56,1.49,1.07,0.0,99.0
Beef_Australian_imported_Wagyu_seam_fat_Aust._marble_score_4slash5_raw,30.44,594.0,2484.0,6.0,63.3,0.32,0.0,0.0,2.0,0.97,32.0,0.0,23.155,0.035,1.649,12.894,7.438,30.887,2.053,28.174,1.555,1.349,0.143,0.022,95.0
"Beef_round_eye_of_round_steak_boneless_separable_lean_only_trimmed_to_0""_fat_select_raw",73.81,116.0,487.0,23.41,2.52,1.09,0.0,0.0,13.0,1.37,50.0,0.0,1.011,0.002,0.066,0.578,0.317,1.136,0.084,1.004,0.211,0.141,0.005,0.034,62.0
"Beef_round_bottom_round_steak_separable_lean_and_fat_trimmed_to_1slash8""_fat_select_raw",67.44,187.0,782.0,20.68,10.93,0.99,0.0,0.0,23.0,1.63,60.0,0.0,4.303,0.024,0.335,2.625,1.284,4.723,0.556,4.151,0.417,0.272,0.124,0.022,72.0
"Beef_brisket_flat_half_separable_lean_only_trimmed_to_1slash8""_fat_all_grades_raw",73.76,127.0,530.0,21.57,3.84,1.01,0.0,0.0,16.0,1.92,74.0,0.0,1.425,0.003,0.101,0.853,0.469,1.611,0.14,1.468,0.166,0.133,0.013,0.02,65.0
"Beef_round_knuckle_tip_center_steak_separable_lean_and_fat_trimmed_to_0""_fat_choice_raw",72.05,150.0,629.0,20.74,6.85,0.96,0.0,0.0,5.0,1.94,54.0,0.0,2.3,0.0,0.164,1.392,0.645,2.497,0.18,2.279,0.321,0.259,0.011,0.051,58.0
Beef_Australian_imported_Wagyu_loin_top_loin_steakslashroast_boneless_separable_lean_and_fat_Aust._marble_score_4slash5_raw,57.21,289.0,1210.0,17.67,24.2,0.8,0.17,0.0,4.0,1.69,56.0,0.0,8.928,0.015,0.663,5.188,2.647,12.179,0.87,11.05,0.642,0.541,0.044,0.035,63.0
"Beef_loin_tenderloin_roast_boneless_separable_lean_and_fat_trimmed_to_0""_fat_select_raw",72.17,144.0,601.0,21.91,6.21,1.09,0.0,0.0,14.0,2.46,42.0,0.0,2.166,0.005,0.142,1.17,0.746,2.302,0.158,2.058,0.414,0.32,0.013,0.051,62.0
"Beef_round_outside_round_bottom_round_steak_separable_lean_and_fat_trimmed_to_0""_fat_all_grades_raw",72.19,142.0,594.0,21.59,5.53,1.05,0.0,0.0,5.0,2.53,62.0,0.0,2.0,0.0,0.155,1.227,0.529,2.503,0.235,2.213,0.309,0.249,0.003,0.058,61.0
Beef_New_Zealand_imported_variety_meats_and_by-products_tripe_uncooked_raw,82.19,77.0,323.0,14.86,1.98,1.1,0.0,0.0,112.0,4.44,81.0,0.0,1.02,0.001,0.049,0.449,0.45,0.77,0.055,0.703,0.17,0.067,0.022,0.027,117.0
"Beef_flank_steak_separable_lean_only_trimmed_to_0""_fat_select_raw",72.84,137.0,571.0,21.43,5.0,0.99,0.0,0.0,21.0,1.54,53.0,0.0,2.074,0.007,0.141,1.336,0.584,1.967,0.168,1.793,0.195,0.121,0.047,0.027,60.0
"Beef_rib_eye_steakslashroast_boneless_lip-on_separable_lean_and_fat_trimmed_to_1slash8""_fat_all_grades_raw",61.77,244.0,1021.0,18.85,18.73,0.89,0.0,0.0,8.0,1.74,50.0,0.0,8.251,0.014,0.55,4.381,2.903,8.83,0.58,7.927,0.889,0.772,0.025,0.056,70.0
Beef_grass-fed_strip_steaks_lean_only_raw,73.42,117.0,488.0,23.07,2.69,1.69,0.0,0.0,9.0,1.85,55.0,0.0,1.032,0.001,0.061,0.575,0.354,0.995,0.07,0.91,0.108,0.08,0.015,0.006,55.0
"Beef_round_outside_round_bottom_round_steak_separable_lean_and_fat_trimmed_to_0""_fat_select_raw",73.28,129.0,540.0,22.15,3.83,1.06,0.0,0.0,5.0,2.91,62.0,0.0,1.4,0.0,0.112,0.824,0.4,1.63,0.146,1.447,0.309,0.247,0.008,0.054,61.0
"Beef_chuck_shoulder_clod_shoulder_tender_medallion_separable_lean_and_fat_trimmed_to_0""_fat_choice_raw",72.87,145.0,606.0,20.51,6.36,0.91,0.0,0.0,5.0,2.01,59.0,0.0,2.328,0.0,0.164,1.374,0.683,2.43,0.173,2.215,0.326,0.266,0.01,0.05,56.0
Beef_Australian_imported_grass-fed_ground_85%_lean_slash_15%_fat_raw,63.56,234.0,979.0,17.72,18.12,0.82,0.0,0.0,6.0,1.79,62.0,0.0,7.938,0.013,0.539,4.363,2.678,7.969,0.626,7.165,0.699,0.503,0.126,0.03,66.0
"Beef_round_eye_of_round_roast_boneless_separable_lean_and_fat_trimmed_to_0""_fat_choice_raw",72.88,127.0,530.0,23.26,3.74,1.1,0.0,0.0,13.0,1.47,52.0,0.0,1.308,0.003,0.085,0.759,0.404,1.547,0.123,1.361,0.263,0.19,0.007,0.038,58.0
Beef_New_Zealand_imported_subcutaneous_fat_raw,19.91,685.0,2868.0,8.5,72.38,0.1,0.0,0.0,20.0,0.38,26.0,0.0,31.514,0.048,1.97,14.94,13.3,24.702,1.922,22.34,1.68,1.143,0.51,0.0,64.0
"Beef_loin_top_loin_steak_boneless_lip-on_separable_lean_and_fat_trimmed_to_1slash8""_fat_all_grades_raw",65.33,199.0,834.0,21.29,12.68,0.95,0.0,0.0,16.0,1.8,44.0,0.0,5.491,0.011,0.381,3.066,1.791,6.204,0.483,5.477,0.657,0.557,0.022,0.045,62.0
Beef_New_Zealand_imported_rump_centre_separable_lean_only_raw,72.22,141.0,592.0,21.74,6.05,0.97,0.0,0.0,4.0,2.3,49.0,0.0,1.999,0.002,0.085,1.078,0.739,2.045,0.14,1.876,0.295,0.14,0.067,0.025,55.0
"Beef_chuck_eye_Country-Style_ribs_boneless_separable_lean_and_fat_trimmed_to_0""_fat_choice_raw",65.78,210.0,880.0,18.87,14.99,0.86,0.0,0.0,15.0,2.16,76.0,0.0,6.387,0.0,0.435,3.411,2.339,7.274,0.446,6.59,0.614,0.538,0.031,0.038,70.0
"Beef_rib_eye_steakslashroast_bone-in_lip-on_separable_lean_and_fat_trimmed_to_1slash8""_fat_select_raw",61.47,248.0,1037.0,18.44,19.34,0.88,0.0,0.0,11.0,1.76,55.0,0.0,8.844,0.016,0.604,4.684,3.122,9.399,0.643,8.41,0.886,0.78,0.029,0.042,68.0
Beef_New_Zealand_imported_bolar_blade_separable_lean_only_raw,73.11,129.0,539.0,22.09,4.49,0.98,0.0,0.0,4.0,2.06,55.0,0.0,1.347,0.002,0.066,0.777,0.451,1.68,0.146,1.5,0.242,0.095,0.046,0.03,56.0
"Beef_round_tip_round_roast_separable_lean_and_fat_trimmed_to_0""_fat_all_grades_raw",72.01,151.0,630.0,20.48,7.01,1.0,0.0,0.0,19.0,1.69,55.0,0.0,2.778,0.016,0.218,1.678,0.844,3.011,0.351,2.65,0.276,0.181,0.085,0.011,62.0
"Beef_round_top_round_steak_separable_lean_only_trimmed_to_1slash8""_fat_select_raw",72.63,129.0,540.0,23.13,3.37,1.13,0.0,0.0,22.0,1.97,64.0,0.0,1.154,0.0,0.079,0.732,0.343,1.42,0.139,1.279,0.145,0.113,0.008,0.024,61.0
"Beef_loin_tenderloin_steak_boneless_separable_lean_only_trimmed_to_0""_fat_all_grades_raw",72.44,139.0,583.0,21.94,5.74,1.11,0.0,0.0,13.0,2.5,44.0,0.0,1.956,0.004,0.125,1.078,0.655,2.122,0.145,1.899,0.42,0.321,0.012,0.056,61.0
"Beef_chuck_under_blade_pot_roast_or_steak_boneless_separable_lean_and_fat_trimmed_to_0""_fat_select_raw",67.76,187.0,783.0,19.2,12.27,0.98,0.0,0.0,12.0,2.27,77.0,0.0,5.473,0.0,0.388,2.965,1.943,6.229,0.405,5.621,0.557,0.493,0.016,0.042,67.0
"Beef_loin_top_sirloin_cap_steak_boneless_separable_lean_only_trimmed_to_1slash8""_fat_all_grades_raw",72.93,134.0,560.0,21.38,5.36,0.98,0.0,0.0,5.0,2.0,55.0,0.0,1.875,0.003,0.115,1.09,0.606,2.354,0.142,2.152,0.189,0.154,0.007,0.027,67.0
"Beef_round_eye_of_round_roast_boneless_separable_lean_and_fat_trimmed_to_0""_fat_select_raw",73.4,120.0,503.0,23.28,3.0,1.08,0.0,0.0,13.0,1.37,50.0,0.0,1.229,0.002,0.082,0.697,0.39,1.383,0.105,1.219,0.231,0.159,0.006,0.034,62.0
"Beef_chuck_eye_steak_boneless_separable_lean_only_trimmed_to_0""_fat_all_grades_raw",70.25,153.0,641.0,21.29,7.56,0.94,0.0,0.0,15.0,2.28,70.0,0.0,3.267,0.0,0.197,1.772,1.192,3.71,0.226,3.372,0.372,0.319,0.014,0.039,67.0
"Beef_chuck_mock_tender_steak_boneless_separable_lean_only_trimmed_to_0""_fat_choice_raw",73.2,127.0,531.0,21.36,4.6,1.25,0.0,0.0,11.0,2.51,83.0,0.0,1.884,0.0,0.101,1.046,0.671,2.328,0.149,2.111,0.348,0.286,0.001,0.061,67.0
Beef_variety_meats_and_by-products_lungs_raw,79.38,92.0,385.0,16.2,2.5,0.98,0.0,0.0,10.0,7.95,198.0,38.5,0.86,0.0,0.04,0.45,0.23,0.64,0.09,0.47,0.34,0.17,0.02,0.14,242.0
"Beef_chuck_eye_Country-Style_ribs_boneless_separable_lean_only_trimmed_to_0""_fat_all_grades_raw",71.19,146.0,613.0,20.96,6.95,0.96,0.0,0.0,15.0,2.24,82.0,0.0,3.03,0.0,0.183,1.653,1.091,3.55,0.218,3.222,0.34,0.292,0.013,0.034,70.0
Beef_New_Zealand_imported_eye_round_separable_lean_and_fat_raw,72.9,129.0,540.0,19.88,4.92,1.0,1.32,0.0,4.0,1.37,39.0,0.0,1.573,0.002,0.088,0.863,0.558,1.549,0.139,1.376,0.232,0.106,0.047,0.026,48.0
USDA_Commodity_beef_patties_with_VPP_frozen_raw,63.35,225.0,941.0,15.21,16.48,1.12,3.84,1.3,29.0,2.66,55.0,0.0,5.872,0.015,0.4,3.262,1.652,7.648,0.769,6.649,0.573,0.452,0.056,0.033,33.0
"Beef_top_loin_petite_roastslashfilet_boneless_separable_lean_and_fat_trimmed_to_1slash8""_fat_choice_raw",65.1,199.0,833.0,20.8,12.6,0.9,0.6,0.0,6.0,2.66,89.0,0.0,4.043,0.01,0.267,2.239,1.375,5.414,0.301,4.889,0.425,0.359,0.019,0.046,65.0
"Beef_tenderloin_separable_lean_and_fat_trimmed_to_1slash8""_fat_prime_raw",59.52,274.0,1146.0,18.15,21.83,0.88,0.0,0.0,7.0,2.35,49.0,0.0,8.96,0.04,0.67,5.23,2.77,9.26,1.0,8.14,0.87,0.56,0.25,0.04,70.0
"Beef_chuck_mock_tender_steak_boneless_separable_lean_only_trimmed_to_0""_fat_all_grades_raw",73.71,123.0,514.0,21.3,4.17,1.19,0.0,0.0,11.0,2.44,81.0,0.0,1.7,0.0,0.093,0.952,0.595,2.1,0.133,1.906,0.35,0.291,0.001,0.059,67.0
"Beef_loin_tenderloin_roast_boneless_separable_lean_and_fat_trimmed_to_0""_fat_choice_raw",71.05,153.0,639.0,21.5,7.4,1.1,0.0,0.0,14.0,2.52,44.0,0.0,2.687,0.005,0.177,1.49,0.889,2.956,0.212,2.632,0.496,0.39,0.014,0.059,61.0
"Beef_top_loin_petite_roastslashfilet_boneless_separable_lean_only_trimmed_to_1slash8""_fat_choice_raw",69.79,149.0,625.0,22.5,6.48,1.0,0.23,0.0,5.0,2.27,66.0,0.0,2.419,0.004,0.156,1.359,0.81,2.866,0.181,2.592,0.257,0.202,0.009,0.046,65.0
"Beef_round_bottom_round_steak_separable_lean_and_fat_trimmed_to_1slash8""_fat_choice_raw",66.32,198.0,829.0,20.71,12.15,1.02,0.0,0.0,16.0,1.84,53.0,0.0,4.784,0.027,0.372,2.919,1.428,5.251,0.619,4.615,0.464,0.302,0.138,0.024,75.0
"Beef_chuck_blade_roast_separable_lean_and_fat_trimmed_to_1slash8""_fat_select_raw",62.83,230.0,962.0,17.37,17.33,0.84,0.0,0.0,10.0,2.07,69.0,0.0,6.99,0.04,0.55,4.19,2.15,7.6,0.85,6.72,0.63,0.42,0.19,0.02,71.0
Beef_Australian_imported_grass-fed_loin_tenderloin_steakslashroast_boneless_separable_lean_and_fat_raw,71.21,151.0,631.0,20.53,7.63,1.06,0.01,0.0,4.0,2.21,62.0,0.0,3.393,0.006,0.206,1.796,1.209,3.046,0.206,2.788,0.42,0.247,0.063,0.055,50.0
"Beef_round_top_round_roast_boneless_separable_lean_only_trimmed_to_0""_fat_choice_raw",72.66,124.0,518.0,23.59,3.26,1.12,0.0,0.0,13.0,2.35,56.0,0.0,1.253,0.003,0.075,0.726,0.396,1.484,0.106,1.324,0.232,0.165,0.005,0.035,61.0
"Beef_plate_steak_boneless_inside_skirt_separable_lean_and_fat_trimmed_to_0""_fat_select_raw",68.31,174.0,730.0,20.87,10.11,0.94,0.0,0.0,6.0,1.73,65.0,0.0,4.014,0.007,0.273,2.2,1.365,4.561,0.334,4.028,0.475,0.387,0.014,0.045,65.0
"Beef_chuck_under_blade_pot_roast_or_steak_boneless_separable_lean_and_fat_trimmed_to_0""_fat_choice_raw",66.0,202.0,845.0,19.15,13.93,0.98,0.0,0.0,12.0,2.13,76.0,0.0,5.896,0.0,0.424,3.216,2.071,6.794,0.451,6.107,0.588,0.515,0.021,0.045,66.0
"Beef_chuck_eye_Country-Style_ribs_boneless_separable_lean_and_fat_trimmed_to_0""_fat_select_raw",67.17,196.0,822.0,19.1,13.33,0.91,0.0,0.0,14.0,1.97,77.0,0.0,5.805,0.0,0.41,3.104,2.1,6.482,0.391,5.877,0.591,0.525,0.028,0.032,71.0
"Beef_round_top_round_steak_boneless_separable_lean_only_trimmed_to_0""_fat_all_grades_raw",72.96,121.0,505.0,23.59,2.94,1.12,0.0,0.0,13.0,2.34,54.0,0.0,1.12,0.002,0.065,0.643,0.361,1.292,0.089,1.158,0.223,0.157,0.004,0.035,62.0
Beef_ground_85%_lean_meat_slash_15%_fat_raw,65.66,215.0,898.0,18.59,15.0,0.91,0.0,0.0,15.0,2.09,66.0,0.0,5.715,0.011,0.431,3.2,1.824,6.469,0.534,0.86,0.433,0.331,0.053,0.034,68.0
"Beef_plate_steak_boneless_inside_skirt_separable_lean_only_trimmed_to_0""_fat_choice_raw",68.91,171.0,717.0,20.89,9.76,0.94,0.0,0.0,6.0,1.74,67.0,0.0,3.546,0.006,0.232,2.024,1.113,4.43,0.33,3.896,0.483,0.385,0.01,0.058,64.0
"Beef_chuck_shoulder_clod_top_blade_steak_separable_lean_and_fat_trimmed_to_0""_fat_all_grades_raw",70.46,176.0,736.0,18.99,10.52,0.9,0.0,0.0,6.0,2.36,74.0,0.0,3.945,0.0,0.291,2.276,1.233,4.144,0.278,3.79,0.475,0.403,0.017,0.055,66.0
"Beef_loin_top_loin_steak_boneless_lip_off_separable_lean_only_trimmed_to_0""_fat_all_grades_raw",70.63,143.0,600.0,23.07,5.67,1.02,0.0,0.0,15.0,1.84,46.0,0.0,2.345,0.005,0.152,1.36,0.723,2.711,0.2,2.42,0.381,0.3,0.009,0.046,60.0
"Beef_rib_whole_(ribs_6-12)_separable_lean_and_fat_trimmed_to_1slash8""_fat_choice_raw",53.85,322.0,1347.0,16.34,27.93,0.77,0.0,0.0,9.0,1.72,54.0,0.0,11.51,0.07,0.92,6.92,3.51,12.02,1.41,10.57,1.01,0.64,0.34,0.02,71.0
Beef_carcass_separable_lean_and_fat_choice_raw,57.26,291.0,1218.0,17.32,24.05,0.81,0.0,0.0,8.0,1.83,59.0,0.0,9.75,0.05,0.74,5.78,2.93,10.47,1.15,9.12,0.92,0.62,0.24,0.05,74.0
"Beef_short_loin_t-bone_steak_bone-in_separable_lean_only_trimmed_to_1slash8""_fat_select_raw",71.86,144.0,602.0,22.41,5.34,1.02,0.0,0.0,23.0,1.77,57.0,0.0,2.152,0.005,0.145,1.214,0.686,2.282,0.162,2.039,0.298,0.224,0.008,0.038,59.0
"Beef_top_sirloin_steak_separable_lean_and_fat_trimmed_to_1slash8""_fat_all_grades_raw",66.09,201.0,842.0,20.3,12.71,1.03,0.0,0.0,24.0,1.48,52.0,0.0,5.127,0.027,0.402,3.087,1.571,5.44,0.62,4.803,0.483,0.311,0.152,0.02,75.0
"Beef_loin_top_loin_steak_boneless_lip_off_separable_lean_and_fat_trimmed_to_0""_fat_all_grades_raw",68.75,163.0,683.0,22.43,8.17,1.0,0.0,0.0,15.0,1.83,45.0,0.0,3.478,0.007,0.234,1.972,1.111,3.941,0.297,3.503,0.48,0.393,0.014,0.045,61.0
"Beef_shank_crosscuts_separable_lean_only_trimmed_to_1slash4""_fat_choice_raw",73.03,128.0,536.0,21.75,3.85,1.44,0.0,0.0,20.0,2.32,63.0,0.0,1.28,0.0,0.09,0.77,0.37,1.76,0.16,1.52,0.15,0.11,0.01,0.03,39.0
"Beef_flank_steak_separable_lean_and_fat_trimmed_to_0""_fat_select_raw",71.99,145.0,608.0,21.22,6.06,0.98,0.0,0.0,24.0,1.54,54.0,0.0,2.514,0.011,0.182,1.585,0.724,2.469,0.251,2.212,0.234,0.143,0.068,0.023,62.0
"Beef_round_eye_of_round_roast_separable_lean_and_fat_trimmed_to_1slash8""_fat_choice_raw",68.57,173.0,724.0,21.68,8.91,1.03,0.0,0.0,16.0,1.92,55.0,0.0,3.509,0.019,0.273,2.141,1.048,3.851,0.454,3.385,0.34,0.222,0.101,0.018,70.0
"Beef_round_tip_round_roast_separable_lean_and_fat_trimmed_to_0""_fat_choice_raw",71.4,156.0,652.0,20.16,7.73,0.99,0.0,0.0,15.0,1.78,51.0,0.0,3.066,0.018,0.24,1.852,0.932,3.324,0.387,2.925,0.305,0.199,0.094,0.012,63.0
"Beef_round_top_round_roast_boneless_separable_lean_and_fat_trimmed_to_0""_fat_all_grades_raw",72.51,125.0,524.0,23.45,3.5,1.11,0.0,0.0,13.0,2.33,54.0,0.0,1.353,0.003,0.082,0.771,0.439,1.554,0.111,1.387,0.244,0.176,0.005,0.035,62.0
Beef_ground_90%_lean_meat_slash_10%_fat_raw,69.45,176.0,735.0,20.0,10.0,0.98,0.0,0.0,12.0,2.24,66.0,0.0,3.927,0.008,0.276,2.167,1.311,4.194,0.344,0.54,0.345,0.263,0.046,0.035,65.0
Beef_New_Zealand_imported_variety_meats_and_by-products_liver_raw,70.39,133.0,556.0,20.5,4.05,1.46,3.6,0.0,4.0,8.44,53.0,0.0,1.185,0.0,0.017,0.337,0.767,0.464,0.047,0.406,0.88,0.158,0.062,0.19,254.0
"Beef_bottom_sirloin_tri-tip_roast_separable_lean_only_trimmed_to_0""_fat_choice_raw",71.33,154.0,645.0,21.17,7.06,1.02,0.0,0.0,27.0,1.54,54.0,0.0,2.132,0.0,0.132,1.35,0.65,3.045,0.206,2.84,0.288,0.23,0.025,0.033,64.0
"Beef_plate_steak_boneless_outside_skirt_separable_lean_only_trimmed_to_0""_fat_choice_raw",65.19,212.0,886.0,18.47,15.26,0.92,0.17,0.0,5.0,3.53,68.0,0.0,5.798,0.007,0.34,2.988,2.185,6.363,0.346,5.749,0.797,0.645,0.024,0.08,70.0
"Beef_chuck_mock_tender_steak_boneless_separable_lean_and_fat_trimmed_to_0""_fat_select_raw",74.01,122.0,510.0,21.05,4.2,1.11,0.0,0.0,11.0,2.25,76.0,0.0,1.976,0.0,0.116,1.108,0.681,2.279,0.142,2.069,0.396,0.335,0.002,0.059,68.0
"Beef_round_tip_round_separable_lean_and_fat_trimmed_to_1slash8""_fat_choice_raw",65.43,199.0,833.0,19.48,12.83,0.94,0.0,0.0,5.0,1.99,58.0,0.0,5.04,0.03,0.39,3.05,1.54,5.49,0.62,4.85,0.51,0.34,0.14,0.03,65.0
"Beef_tenderloin_steak_separable_lean_and_fat_trimmed_to_1slash8""_fat_all_grades_raw",61.52,247.0,1036.0,19.61,18.16,0.92,0.0,0.0,23.0,1.42,50.0,0.0,8.41,0.045,0.659,5.063,2.576,8.93,1.017,7.883,0.79,0.508,0.249,0.033,85.0
Beef_variety_meats_and_by-products_kidneys_raw,77.89,99.0,413.0,17.4,3.09,1.33,0.29,0.0,13.0,4.6,182.0,9.4,0.868,0.0,0.021,0.393,0.374,0.586,0.039,0.535,0.545,0.292,0.013,0.228,411.0
"Beef_round_eye_of_round_roast_separable_lean_and_fat_trimmed_to_1slash8""_fat_select_raw",70.06,159.0,666.0,21.3,7.57,0.99,0.0,0.0,24.0,1.69,62.0,0.0,2.98,0.017,0.232,1.818,0.89,3.271,0.385,2.875,0.289,0.188,0.086,0.015,66.0
"Beef_short_loin_t-bone_steak_bone-in_separable_lean_only_trimmed_to_1slash8""_fat_all_grades_raw",70.73,153.0,642.0,22.22,6.5,1.01,0.0,0.0,21.0,1.66,42.0,0.0,2.53,0.005,0.162,1.431,0.821,2.767,0.194,2.481,0.344,0.265,0.01,0.04,59.0
"Beef_loin_top_sirloin_petite_roastslashfilet_boneless_separable_lean_only_trimmed_to_0""_fat_choice_raw",72.28,132.0,551.0,23.03,4.4,1.04,0.0,0.0,5.0,2.23,65.0,0.0,1.392,0.002,0.09,0.812,0.443,1.917,0.117,1.751,0.143,0.115,0.006,0.021,68.0
"Beef_flank_steak_separable_lean_only_trimmed_to_0""_fat_choice_raw",68.72,149.0,625.0,21.72,6.29,0.99,0.0,0.0,28.0,1.62,57.0,0.0,2.612,0.008,0.178,1.682,0.736,2.477,0.211,2.257,0.259,0.152,0.059,0.034,69.0
"Beef_rib_eye_small_end_(ribs_10-12)_separable_lean_only_trimmed_to_0""_fat_select_raw",71.33,149.0,625.0,21.17,6.57,0.93,0.0,0.0,10.0,1.94,52.0,0.0,2.65,0.008,0.204,1.57,0.868,2.771,0.219,2.552,0.189,0.159,0.015,0.015,60.0
"Beef_loin_top_loin_steak_boneless_lip-on_separable_lean_only_trimmed_to_1slash8""_fat_select_raw",71.68,135.0,565.0,23.3,4.66,1.04,0.0,0.0,14.0,1.73,47.0,0.0,2.09,0.004,0.132,1.199,0.658,2.355,0.169,2.113,0.363,0.288,0.008,0.041,62.0
"Beef_top_sirloin_steak_separable_lean_only_trimmed_to_1slash8""_fat_choice_raw",72.51,135.0,566.0,21.91,4.62,1.09,0.0,0.0,28.0,1.63,57.0,0.0,1.709,0.0,0.117,1.026,0.566,1.86,0.143,1.715,0.214,0.161,0.01,0.029,61.0
"Beef_loin_tenderloin_steak_boneless_separable_lean_and_fat_trimmed_to_0""_fat_all_grades_raw",71.7,147.0,615.0,21.72,6.67,1.1,0.0,0.0,14.0,2.49,44.0,0.0,2.363,0.005,0.154,1.3,0.792,2.578,0.182,2.298,0.454,0.353,0.013,0.056,61.0
"Beef_loin_tenderloin_roast_boneless_separable_lean_only_trimmed_to_0""_fat_select_raw",73.04,135.0,563.0,22.16,5.1,1.1,0.0,0.0,14.0,2.48,42.0,0.0,1.706,0.004,0.108,0.919,0.591,1.799,0.118,1.615,0.375,0.283,0.011,0.051,62.0
"Beef_rib_small_end_(ribs_10-12)_separable_lean_and_fat_trimmed_to_1slash8""_fat_choice_raw",60.11,263.0,1101.0,19.09,20.13,0.9,0.0,0.0,24.0,1.38,48.0,0.0,8.121,0.043,0.636,4.889,2.488,8.617,0.981,7.607,0.766,0.493,0.241,0.032,80.0
"Beef_chuck_shoulder_clod_top_blade_steak_separable_lean_and_fat_trimmed_to_0""_fat_choice_raw",70.0,182.0,762.0,18.75,11.33,0.88,0.0,0.0,5.0,2.23,74.0,0.0,4.186,0.0,0.307,2.448,1.281,4.408,0.299,4.027,0.463,0.397,0.016,0.05,65.0
"Beef_plate_steak_boneless_outside_skirt_separable_lean_and_fat_trimmed_to_0""_fat_choice_raw",62.64,238.0,996.0,17.69,18.44,0.88,0.35,0.0,6.0,3.35,65.0,0.0,7.426,0.009,0.454,3.816,2.805,8.126,0.473,7.317,0.907,0.749,0.029,0.078,71.0
Beef_Australian_imported_Wagyu_loin_top_loin_steakslashroast_boneless_separable_lean_only_Aust._marble_score_9_raw,53.09,331.0,1383.0,16.92,29.15,0.71,0.13,0.0,4.0,1.71,68.0,0.0,10.309,0.018,0.799,6.59,2.55,15.368,1.307,13.668,1.079,0.943,0.077,0.039,61.0
"Beef_rib_eye_steak_boneless_lip_off_separable_lean_only_trimmed_to_0""_fat_select_raw",71.0,142.0,594.0,22.46,5.78,1.0,0.0,0.0,5.0,1.8,55.0,0.0,2.313,0.002,0.141,1.302,0.759,2.83,0.178,2.528,0.396,0.314,0.003,0.056,70.0
"Beef_shoulder_pot_roast_or_steak_boneless_separable_lean_only_trimmed_to_0""_fat_choice_raw",72.95,125.0,525.0,21.45,4.35,1.14,0.11,0.0,12.0,2.69,74.0,0.0,1.709,0.0,0.104,0.96,0.588,2.199,0.155,1.974,0.297,0.241,0.001,0.053,64.0
"Beef_ribeye__petite_roastslashfilet_boneless_separable_lean_only_trimmed_to_0""_fat_all_grades_raw",71.57,133.0,555.0,22.66,4.66,1.06,0.04,0.0,5.0,2.28,66.0,0.0,1.683,0.002,0.115,1.011,0.491,2.164,0.126,1.972,0.191,0.15,0.009,0.031,65.0
"Beef_tenderloin_steak_separable_lean_only_trimmed_to_1slash8""_fat_all_grades_raw",70.62,153.0,641.0,22.12,6.52,1.06,0.0,0.0,24.0,1.6,56.0,0.0,2.412,0.0,0.165,1.448,0.799,2.624,0.202,2.419,0.282,0.227,0.015,0.04,65.0
Beef_ground_75%_lean_meat_slash_25%_fat_raw,58.09,293.0,1225.0,15.76,25.0,0.77,0.0,0.0,21.0,1.79,66.0,0.0,9.568,0.017,0.759,5.405,2.924,11.383,0.914,1.5,0.609,0.498,0.074,0.035,75.0
"Beef_round_eye_of_round_roast_boneless_separable_lean_only_trimmed_to_0""_fat_all_grades_raw",73.43,121.0,506.0,23.37,3.04,1.1,0.0,0.0,13.0,1.45,53.0,0.0,1.086,0.002,0.07,0.631,0.335,1.266,0.098,1.116,0.233,0.162,0.006,0.036,60.0
Beef_Australian_imported_Wagyu_rib_small_end_rib_steakslashroast_boneless_separable_lean_and_fat_Aust._marble_score_4slash5_raw,54.63,317.0,1327.0,17.07,27.64,0.78,0.0,0.0,4.0,1.68,52.0,0.0,10.329,0.017,0.748,6.039,3.046,13.685,1.001,12.389,0.763,0.647,0.059,0.035,76.0
"Beef_round_bottom_round_roast_separable_lean_only_trimmed_to_1slash8""_fat_all_grades_raw",72.58,128.0,534.0,22.19,4.31,1.09,0.0,0.0,20.0,1.92,59.0,0.0,1.476,0.0,0.101,0.936,0.439,1.816,0.178,1.636,0.185,0.145,0.01,0.03,61.0
"Beef_round_eye_of_round_roast_separable_lean_only_trimmed_to_1slash8""_fat_choice_raw",72.89,128.0,536.0,22.88,3.38,1.1,0.0,0.0,20.0,2.12,57.0,0.0,1.158,0.0,0.08,0.734,0.344,1.425,0.139,1.284,0.159,0.113,0.008,0.024,60.0
Beef_Australian_imported_grass-fed_loin_top_loin_steakslashroast_boneless_separable_lean_only_raw,72.95,131.0,548.0,21.79,4.87,1.01,0.0,0.0,5.0,1.57,66.0,0.0,2.09,0.005,0.131,1.239,0.623,2.067,0.153,1.877,0.225,0.125,0.029,0.034,41.0
Beef_New_Zealand_imported_flat_separable_lean_and_fat_raw,68.68,177.0,741.0,20.57,10.55,0.89,0.0,0.0,5.0,1.84,49.0,0.0,3.847,0.006,0.211,1.985,1.478,3.894,0.345,3.469,0.38,0.19,0.092,0.027,58.0
"Beef_rib_small_end_(ribs_10-12)_separable_lean_only_trimmed_to_1slash8""_fat_choice_raw",71.28,148.0,618.0,22.12,5.91,1.08,0.0,0.0,28.0,1.63,57.0,0.0,2.183,0.0,0.149,1.311,0.723,2.376,0.183,2.19,0.256,0.206,0.013,0.037,68.0
"Beef_rib_large_end_(ribs_6-9)_separable_lean_and_fat_trimmed_to_1slash8""_fat_choice_raw",53.0,333.0,1393.0,16.03,29.34,0.75,0.0,0.0,8.0,1.68,54.0,0.0,12.13,0.07,0.97,7.29,3.7,12.56,1.49,11.02,1.07,0.68,0.36,0.03,72.0
Beef_New_Zealand_imported_intermuscular_fat_raw,29.04,602.0,2518.0,6.97,63.78,0.2,0.01,0.0,11.0,0.76,32.0,0.0,28.5,0.05,1.37,11.41,14.42,17.893,0.933,16.75,1.338,0.818,0.45,0.0,104.0
"Beef_short_loin_porterhouse_steak_separable_lean_and_fat_trimmed_to_1slash8""_fat_choice_raw",64.12,218.0,914.0,20.36,14.58,0.93,0.0,0.0,19.0,1.91,52.0,0.0,6.171,0.011,0.423,3.422,2.051,6.836,0.508,6.064,0.689,0.585,0.027,0.041,61.0
"Beef_composite_of_trimmed_retail_cuts_separable_lean_and_fat_trimmed_to_0""_fat_all_grades_raw",69.03,169.0,706.0,20.95,9.3,1.0,0.05,0.0,13.0,2.04,61.0,0.0,3.845,0.006,0.265,2.143,1.295,4.365,0.319,3.904,0.532,0.449,0.026,0.04,65.0
"Beef_round_eye_of_round_roast_boneless_separable_lean_only_trimmed_to_0""_fat_choice_raw",73.18,124.0,518.0,23.35,3.38,1.1,0.0,0.0,13.0,1.47,52.0,0.0,1.137,0.002,0.072,0.666,0.346,1.353,0.107,1.191,0.248,0.176,0.007,0.038,58.0
"Beef_round_top_round_steak_separable_lean_and_fat_trimmed_to_1slash8""_fat_all_grades_raw",69.04,166.0,693.0,22.06,7.93,1.1,0.0,0.0,21.0,1.85,60.0,0.0,3.123,0.017,0.243,1.906,0.932,3.428,0.404,3.013,0.303,0.197,0.09,0.016,69.0
"Beef_short_loin_top_loin_steak_separable_lean_and_fat_trimmed_to_1slash8""_fat_all_grades_raw",63.43,228.0,953.0,20.61,15.49,0.9,0.0,0.0,24.0,1.47,52.0,0.0,6.251,0.033,0.49,3.763,1.915,6.633,0.755,5.855,0.589,0.379,0.185,0.025,81.0
Beef_Australian_imported_Wagyu_rib_small_end_rib_steakslashroast_boneless_separable_lean_and_fat_Aust._marble_score_9_raw,46.27,405.0,1693.0,14.54,38.3,0.61,0.42,0.0,3.0,1.82,57.0,0.0,13.942,0.021,1.056,8.647,3.687,19.576,1.499,17.568,1.153,0.999,0.089,0.038,82.0
"Beef_chuck_under_blade_center_steak_boneless_Denver_Cut_separable_lean_only_trimmed_to_0""_fat_select_raw",70.62,157.0,655.0,19.71,8.54,0.92,0.21,0.0,11.0,2.43,77.0,0.0,3.449,0.0,0.222,1.884,1.227,4.048,0.261,3.653,0.452,0.393,0.013,0.046,68.0
Beef_chuck_for_stew_separable_lean_and_fat_all_grades_raw,72.51,128.0,535.0,21.75,4.48,1.11,0.16,0.0,13.0,2.12,80.0,0.0,1.86,0.0,0.113,1.022,0.665,2.32,0.159,2.091,0.3,0.247,0.004,0.047,64.0
"Beef_top_loin_petite_roastslashfilet_boneless_separable_lean_only_trimmed_to_1slash8""_fat_all_grades_raw",70.59,143.0,598.0,22.61,5.84,1.0,0.0,0.0,5.0,2.17,60.0,0.0,2.1,0.003,0.132,1.171,0.721,2.545,0.158,2.302,0.208,0.161,0.009,0.036,69.0
"Beef_chuck_short_ribs_boneless_separable_lean_only_trimmed_to_0""_fat_all_grades_raw",69.33,169.0,708.0,19.68,10.02,0.91,0.05,0.0,12.0,2.45,85.0,0.0,4.312,0.0,0.269,2.352,1.536,5.278,0.325,4.776,0.426,0.368,0.016,0.041,76.0
"Beef_composite_of_trimmed_retail_cuts_separable_lean_only_trimmed_to_0""_fat_choice_raw",70.24,151.0,633.0,21.55,7.24,1.01,0.0,0.0,14.0,2.16,66.0,0.0,2.755,0.002,0.176,1.58,0.903,3.406,0.237,3.023,0.353,0.277,0.013,0.043,66.0
"Beef_round_top_round_steak_boneless_separable_lean_and_fat_trimmed_to_0""_fat_choice_raw",72.35,127.0,531.0,23.49,3.66,1.12,0.0,0.0,13.0,2.35,56.0,0.0,1.424,0.003,0.087,0.82,0.453,1.678,0.122,1.493,0.247,0.179,0.006,0.035,62.0
"Beef_round_top_round_steak_boneless_separable_lean_and_fat_trimmed_to_0""_fat_select_raw",73.08,120.0,501.0,23.49,2.85,1.12,0.0,0.0,13.0,2.34,54.0,0.0,1.082,0.002,0.062,0.607,0.362,1.185,0.079,1.067,0.225,0.158,0.004,0.036,63.0
"Beef_chuck_shoulder_clod_shoulder_top_and_center_steaks_separable_lean_and_fat_trimmed_to_0""_fat_all_grades_raw",72.51,141.0,592.0,20.67,5.88,0.9,0.0,0.0,4.0,2.31,60.0,0.0,1.985,0.0,0.143,1.19,0.577,2.937,0.165,1.993,0.397,0.261,0.004,0.049,57.0
"Beef_composite_of_trimmed_retail_cuts_separable_lean_only_trimmed_to_1slash8""_fat_choice_raw",71.22,147.0,615.0,22.01,6.05,1.04,0.0,0.0,18.0,1.91,55.0,0.0,2.222,0.002,0.143,1.295,0.72,2.566,0.189,2.315,0.307,0.24,0.01,0.041,62.0
"Beef_rib_large_end_(ribs_6-9)_separable_lean_and_fat_trimmed_to_1slash8""_fat_select_raw",56.35,295.0,1234.0,16.52,24.85,0.77,0.0,0.0,8.0,1.74,56.0,0.0,10.28,0.06,0.82,6.18,3.13,10.65,1.27,9.34,0.91,0.57,0.31,0.02,70.0
"Beef_loin_top_sirloin_cap_steak_boneless_separable_lean_and_fat_trimmed_to_1slash8""_fat_choice_raw",66.5,199.0,834.0,19.7,13.4,0.9,0.0,0.0,6.0,2.4,80.0,0.0,5.079,0.01,0.319,2.925,1.67,7.083,0.476,6.351,0.433,0.373,0.022,0.037,68.0
"Beef_chuck_eye_steak_boneless_separable_lean_and_fat_trimmed_to_0""_fat_choice_raw",63.98,227.0,950.0,18.86,16.85,0.84,0.0,0.0,14.0,2.1,66.0,0.0,7.176,0.0,0.495,3.825,2.632,7.978,0.483,7.233,0.65,0.573,0.032,0.036,68.0
"Beef_round_top_round_steak_boneless_separable_lean_only_trimmed_to_0""_fat_select_raw",73.4,116.0,487.0,23.59,2.45,1.12,0.0,0.0,13.0,2.34,55.0,0.0,0.92,0.002,0.05,0.519,0.308,1.003,0.064,0.908,0.21,0.145,0.003,0.036,63.0
"Beef_loin_top_sirloin_petite_roastslashfilet_boneless_separable_lean_only_trimmed_to_0""_fat_select_raw",73.27,122.0,512.0,23.05,3.35,1.07,0.0,0.0,5.0,2.39,58.0,0.0,1.125,0.001,0.068,0.649,0.367,1.384,0.089,1.258,0.096,0.073,0.005,0.016,69.0
"Beef_plate_steak_boneless_inside_skirt_separable_lean_and_fat_trimmed_to_0""_fat_all_grades_raw",67.25,187.0,782.0,20.38,11.71,0.92,0.0,0.0,6.0,1.71,64.0,0.0,4.626,0.007,0.309,2.542,1.558,5.431,0.398,4.795,0.548,0.449,0.015,0.052,65.0
"Beef_rib_small_end_(ribs_10-12)_separable_lean_and_fat_trimmed_to_1slash8""_fat_select_raw",62.0,246.0,1029.0,19.56,18.0,0.89,0.0,0.0,22.0,1.4,49.0,0.0,7.264,0.039,0.569,4.373,2.225,7.708,0.878,6.804,0.685,0.441,0.215,0.029,85.0
"Beef_short_loin_t-bone_steak_separable_lean_and_fat_trimmed_to_1slash8""_fat_choice_raw",63.43,228.0,955.0,20.0,15.83,0.91,0.0,0.0,21.0,1.64,35.0,0.0,6.684,0.012,0.46,3.686,2.24,7.312,0.547,6.491,0.72,0.614,0.029,0.04,62.0
Beef_ground_80%_lean_meat_slash_20%_fat_raw,61.87,254.0,1062.0,17.17,20.0,0.84,0.0,0.0,18.0,1.94,66.0,0.0,7.581,0.014,0.592,4.279,2.362,8.848,0.724,1.18,0.521,0.42,0.065,0.035,71.0
"Beef_chuck_eye_Country-Style_ribs_boneless_separable_lean_only_trimmed_to_0""_fat_select_raw",72.11,137.0,575.0,21.1,5.89,0.99,0.0,0.0,15.0,2.08,82.0,0.0,2.57,0.0,0.162,1.41,0.906,2.95,0.177,2.681,0.32,0.279,0.011,0.029,71.0
"Beef_brisket_flat_half_boneless_separable_lean_only_trimmed_to_0""_fat_all_grades_raw",72.7,132.0,552.0,21.47,5.11,1.03,0.0,0.0,13.0,2.06,83.0,0.0,1.844,0.0,0.125,1.113,0.551,2.728,0.237,2.393,0.253,0.211,0.0,0.042,67.0
"Beef_rib_eye_steakslashroast_boneless_lip-on_separable_lean_and_fat_trimmed_to_1slash8""_fat_choice_raw",60.9,253.0,1059.0,18.39,19.95,0.87,0.0,0.0,8.0,1.81,50.0,0.0,8.741,0.015,0.581,4.639,3.077,9.322,0.609,8.372,0.932,0.809,0.027,0.058,68.0
"Beef_round_top_round_roast_boneless_separable_lean_and_fat_trimmed_to_0""_fat_choice_raw",72.24,128.0,536.0,23.46,3.81,1.12,0.0,0.0,13.0,2.35,56.0,0.0,1.488,0.003,0.092,0.855,0.475,1.748,0.128,1.555,0.253,0.184,0.006,0.035,62.0
"Beef_chuck_eye_steak_boneless_separable_lean_only_trimmed_to_0""_fat_choice_raw",69.48,160.0,669.0,21.31,8.29,0.92,0.0,0.0,15.0,2.27,70.0,0.0,3.605,0.0,0.214,1.96,1.317,4.088,0.248,3.715,0.359,0.308,0.014,0.037,66.0
"Beef_composite_of_trimmed_retail_cuts_separable_lean_only_trimmed_to_1slash8""_fat_select_raw",72.47,130.0,546.0,22.37,4.55,1.07,0.0,0.0,17.0,1.81,58.0,0.0,1.664,0.002,0.109,0.973,0.533,1.932,0.145,1.739,0.243,0.188,0.007,0.034,62.0
